1,ORI,Akroan Jailer,クリーチャー,白,コモン,5,10,24,./card_img/ori/160194.jpg
2,ORI,Auramancer,クリーチャー,白,コモン,10,10,11,./card_img/ori/33527.jpg
3,ORI,Charging Griffin,クリーチャー,白,コモン,7,10,13,./card_img/ori/147372.jpg
4,ORI,Cleric of the Forward Order,クリーチャー,白,コモン,7,10,42,./card_img/ori/160214.jpg
5,ORI,Enlightened Ascetic,クリーチャー,白,コモン,4,10,33,./card_img/ori/160217.jpg
6,ORI,Knight of the Pilgrim's Road,クリーチャー,白,コモン,6,10,42,./card_img/ori/160219.jpg
7,ORI,Stalwart Aven,クリーチャー,白,コモン,10,10,19,./card_img/ori/160200.jpg
8,ORI,Topan Freeblade,クリーチャー,白,コモン,9,10,34,./card_img/ori/160198.jpg
9,ORI,Yoked Ox,クリーチャー,白,コモン,9,10,23,./card_img/ori/149039.jpg
10,ORI,Enshrouding Mist,呪文,白,コモン,5,10,32,./card_img/ori/160193.jpg
11,ORI,Kytheon's Tactics,呪文,白,コモン,11,10,39,./card_img/ori/160211.jpg
12,ORI,Mighty Leap,呪文,白,コモン,6,10,34,./card_img/ori/129186.jpg
13,ORI,Grasp of the Hieromancer,サポート,白,コモン,8,10,39,./card_img/ori/160206.jpg
14,ORI,Murder Investigation,サポート,白,コモン,5,10,44,./card_img/ori/146532.jpg
15,ORI,Ampryn Tactician,クリーチャー,白,アンコモン,10,50,27,./card_img/ori/160203.jpg
16,ORI,Anointer of Champions,クリーチャー,白,アンコモン,11,50,1,./card_img/ori/160213.jpg
17,ORI,Aven Battle Priest,クリーチャー,白,アンコモン,11,50,26,./card_img/ori/160195.jpg
18,ORI,Blessed Spirits,クリーチャー,白,アンコモン,13,50,37,./card_img/ori/160196.jpg
19,ORI,Consul's Lieutenant,クリーチャー,白,アンコモン,12,50,21,./card_img/ori/160215.jpg
20,ORI,Heavy Infantry,クリーチャー,白,アンコモン,10,50,12,./card_img/ori/160191.jpg
21,ORI,Patron of the Valiant,クリーチャー,白,アンコモン,14,50,17,./card_img/ori/160197.jpg
22,ORI,Totem-Guide Hartebeest,クリーチャー,白,アンコモン,11,50,18,./card_img/ori/127460.jpg
23,ORI,War Oracle,クリーチャー,白,アンコモン,11,50,12,./card_img/ori/160199.jpg
24,ORI,Celestial Flare,呪文,白,アンコモン,6,50,42,./card_img/ori/147383.jpg
25,ORI,Healing Hands,呪文,白,アンコモン,6,50,46,./card_img/ori/160205.jpg
26,ORI,Swift Reckoning,呪文,白,アンコモン,6,50,50,./card_img/ori/160209.jpg
27,ORI,Knightly Valor,サポート,白,アンコモン,9,50,48,./card_img/ori/145843.jpg
28,ORI,Valor in Akros,サポート,白,アンコモン,10,50,21,./card_img/ori/160207.jpg
29,ORI,Knight of the White Orchid,クリーチャー,白,レア,16,500,39,./card_img/ori/116188.jpg
30,ORI,Kytheon's Irregulars,クリーチャー,白,レア,14,500,6,./card_img/ori/160768.jpg
31,ORI,Relic Seeker,クリーチャー,白,レア,15,500,15,./card_img/ori/160509.jpg
32,ORI,Sentinel of the Eternal Watch,クリーチャー,白,レア,17,500,12,./card_img/ori/160192.jpg
33,ORI,Vryn Wingmare,クリーチャー,白,レア,12,500,42,./card_img/ori/160204.jpg
34,ORI,Gideon's Phalanx,呪文,白,レア,18,500,9,./card_img/ori/160212.jpg
35,ORI,Hallowed Moonlight,呪文,白,レア,8,500,38,./card_img/ori/160208.jpg
36,ORI,Sigil of the Empty Throne,サポート,白,レア,14,500,20,./card_img/ori/118726.jpg
37,ORI,Suppression Bonds,サポート,白,レア,6,500,19,./card_img/ori/160202.jpg
38,ORI,Archangel of Tithes,クリーチャー,白,神話レア,18,1000,15,./card_img/ori/158744.jpg
39,ORI,Tragic Arrogance,呪文,白,神話レア,10,1000,45,./card_img/ori/160201.jpg
40,ORI,Hixus Prison Warden,サポート,白,神話レア,6,1000,9,./card_img/ori/159397.jpg
41,ORI,Starfield of Nyx,サポート,白,神話レア,20,1000,8,./card_img/ori/160210.jpg
42,ORI,Aspiring Aeronaut,クリーチャー,青,コモン,10,10,50,./card_img/ori/160246.jpg
43,ORI,Faerie Miscreant,クリーチャー,青,コモン,6,10,46,./card_img/ori/160223.jpg
44,ORI,Maritime Guard,クリーチャー,青,コモン,8,10,14,./card_img/ori/129129.jpg
45,ORI,Nivix Barrier,クリーチャー,青,コモン,8,10,20,./card_img/ori/160228.jpg
46,ORI,Screeching Skaab,クリーチャー,青,コモン,1,10,10,./card_img/ori/139778.jpg
47,ORI,Separatist Voidmage,クリーチャー,青,コモン,10,10,29,./card_img/ori/160242.jpg
48,ORI,Watercourser,クリーチャー,青,コモン,7,10,18,./card_img/ori/143920.jpg
49,ORI,Artificer's Epiphany,呪文,青,コモン,2,10,25,./card_img/ori/160227.jpg
50,ORI,Calculated Dismissal,呪文,青,コモン,7,10,43,./card_img/ori/160226.jpg
51,ORI,Disperse,呪文,青,コモン,4,10,30,./card_img/ori/155868.jpg
52,ORI,Negate,呪文,青,コモン,3,10,31,./card_img/ori/109907.jpg
53,ORI,Stratus Walk,呪文,青,コモン,3,10,1,./card_img/ori/152025.jpg
54,ORI,Claustrophobia,サポート,青,コモン,9,10,4,./card_img/ori/138397.jpg
55,ORI,Psychic Rebuttal,サポート,青,コモン,6,10,45,./card_img/ori/160225.jpg
56,ORI,Deep-Sea Terror,サポート,青,コモン,9,10,34,./card_img/ori/160239.jpg
57,ORI,Jhessian Thief,クリーチャー,青,アンコモン,9,50,30,./card_img/ori/160236.jpg
58,ORI,Ringwarden Owl,クリーチャー,青,アンコモン,10,50,48,./card_img/ori/157356.jpg
59,ORI,Scrapskin Drake,クリーチャー,青,アンコモン,9,50,2,./card_img/ori/141580.jpg
60,ORI,Sigiled Starfish,クリーチャー,青,アンコモン,8,50,14,./card_img/ori/153101.jpg
61,ORI,Tower Geist,クリーチャー,青,アンコモン,9,50,9,./card_img/ori/139822.jpg
62,ORI,Whirler Rogue,クリーチャー,青,アンコモン,15,50,22,./card_img/ori/160245.jpg
63,ORI,Anchor to the AEther,呪文,青,アンコモン,7,50,18,./card_img/ori/160224.jpg
64,ORI,Bone to Ash,呪文,青,アンコモン,7,50,8,./card_img/ori/139881.jpg
65,ORI,Clash of Wills,呪文,青,アンコモン,4,50,38,./card_img/ori/160231.jpg
66,ORI,Hydrolash,呪文,青,アンコモン,10,50,32,./card_img/ori/160247.jpg
67,ORI,Send to Sleep,呪文,青,アンコモン,5,50,11,./card_img/ori/160232.jpg
68,ORI,Sphinx's Tutelage,サポート,青,アンコモン,6,50,31,./card_img/ori/160234.jpg
69,ORI,Alhammarret High Arbiter,クリーチャー,青,レア,16,500,44,./card_img/ori/160222.jpg
70,ORI,Harbinger of the Tides,クリーチャー,青,レア,10,500,16,./card_img/ori/160237.jpg
71,ORI,Mizzium Meddler,クリーチャー,青,レア,9,500,9,./card_img/ori/160240.jpg
72,ORI,Soulblade Djinn,クリーチャー,青,レア,12,500,25,./card_img/ori/160230.jpg
73,ORI,Willbreaker,クリーチャー,青,レア,12,500,10,./card_img/ori/155351.jpg
74,ORI,Displacement Wave,呪文,青,レア,14,500,8,./card_img/ori/131630.jpg
75,ORI,Talent of the Telepath,呪文,青,レア,5,500,16,./card_img/ori/160229.jpg
76,ORI,Turn to Frog,呪文,青,レア,9,500,24,./card_img/ori/115108.jpg
77,ORI,Jace's Sanctum,サポート,青,レア,9,500,5,./card_img/ori/160243.jpg
78,ORI,Disciple of the Ring,クリーチャー,青,神話レア,20,1000,41,./card_img/ori/160241.jpg
79,ORI,Skaab Goliath,クリーチャー,青,神話レア,12,1000,15,./card_img/ori/138224.jpg
80,ORI,Day's Undoing,呪文,青,神話レア,10,1000,6,./card_img/ori/160244.jpg
81,ORI,Dreadwaters,呪文,青,神話レア,16,1000,41,./card_img/ori/141553.jpg
82,ORI,Thopter Spy Network,サポート,青,神話レア,13,1000,32,./card_img/ori/160233.jpg
83,ORI,Deadbridge Shaman,クリーチャー,黒,コモン,8,10,7,./card_img/ori/131600.jpg
84,ORI,Eyeblight Assassin,クリーチャー,黒,コモン,10,10,4,./card_img/ori/160265.jpg
85,ORI,Gnarlroot Trapper,クリーチャー,黒,コモン,5,10,18,./card_img/ori/160250.jpg
86,ORI,Nantuko Husk,クリーチャー,黒,コモン,10,10,30,./card_img/ori/43037.jpg
87,ORI,Rabid Bloodsucker,クリーチャー,黒,コモン,10,10,39,./card_img/ori/160264.jpg
88,ORI,Shambling Ghoul,クリーチャー,黒,コモン,6,10,8,./card_img/ori/160263.jpg
89,ORI,Thornbow Archer,クリーチャー,黒,コモン,9,10,41,./card_img/ori/160254.jpg
90,ORI,Undead Servant,クリーチャー,黒,コモン,12,10,20,./card_img/ori/160271.jpg
91,ORI,Dark Dabbling,呪文,黒,コモン,11,10,24,./card_img/ori/160276.jpg
92,ORI,Nightsnare,呪文,黒,コモン,12,10,49,./card_img/ori/160269.jpg
93,ORI,Read the Bones,呪文,黒,コモン,4,10,48,./card_img/ori/149055.jpg
94,ORI,Reave Soul,呪文,黒,コモン,3,10,24,./card_img/ori/160262.jpg
95,ORI,Touch of Moonglove,呪文,黒,コモン,4,10,1,./card_img/ori/160261.jpg
96,ORI,Infernal Scarring,サポート,黒,コモン,6,10,1,./card_img/ori/160256.jpg
97,ORI,Catacomb Slug,クリーチャー,黒,アンコモン,12,50,29,./card_img/ori/145860.jpg
98,ORI,Fleshbag Marauder,クリーチャー,黒,アンコモン,10,50,25,./card_img/ori/143391.jpg
99,ORI,Gilt-Leaf Winnower,クリーチャー,黒,アンコモン,16,50,11,./card_img/ori/160273.jpg
100,ORI,Malakir Cullblade,クリーチャー,黒,アンコモン,9,50,48,./card_img/ori/159401.jpg
101,ORI,Returned Centaur,クリーチャー,黒,アンコモン,13,50,29,./card_img/ori/150767.jpg
102,ORI,Revenant,クリーチャー,黒,アンコモン,15,50,45,./card_img/ori/3745.jpg
103,ORI,Consecrated by Blood,呪文,黒,アンコモン,15,50,47,./card_img/ori/160268.jpg
104,ORI,Cruel Revival,呪文,黒,アンコモン,8,50,4,./card_img/ori/160251.jpg
105,ORI,Eyeblight Massacre,呪文,黒,アンコモン,9,50,18,./card_img/ori/159711.jpg
106,ORI,Necromantic Summons,呪文,黒,アンコモン,6,50,35,./card_img/ori/160272.jpg
107,ORI,Tormented Thoughts,呪文,黒,アンコモン,6,50,2,./card_img/ori/152867.jpg
108,ORI,Weight of the Underworld,呪文,黒,アンコモン,8,50,33,./card_img/ori/152038.jpg
109,ORI,Blightcaster,サポート,黒,アンコモン,6,50,45,./card_img/ori/147489.jpg
110,ORI,Despoiler of Souls,クリーチャー,黒,レア,12,500,5,./card_img/ori/160260.jpg
111,ORI,Fetid Imp,クリーチャー,黒,レア,12,500,28,./card_img/ori/160255.jpg
112,ORI,Graveblade Marauder,クリーチャー,黒,レア,15,500,18,./card_img/ori/160270.jpg
113,ORI,Kothophed Soul Hoarder,クリーチャー,黒,レア,14,500,32,./card_img/ori/159680.jpg
114,ORI,Priest of the Blood Rite,クリーチャー,黒,レア,9,500,48,./card_img/ori/160257.jpg
115,ORI,Dark Petition,呪文,黒,レア,9,500,32,./card_img/ori/160267.jpg
116,ORI,Languish,呪文,黒,レア,12,500,38,./card_img/ori/160407.jpg
117,ORI,Unholy Hunger,呪文,黒,レア,8,500,15,./card_img/ori/160248.jpg
118,ORI,Shadows of the Past,サポート,黒,レア,12,500,31,./card_img/ori/160266.jpg
119,ORI,Tainted Remedy,サポート,黒,レア,15,500,36,./card_img/ori/160258.jpg
120,ORI,Erebos's Titan,クリーチャー,黒,神話レア,20,1000,45,./card_img/ori/159679.jpg
121,ORI,Infinite Obliteration,呪文,黒,神話レア,6,1000,46,./card_img/ori/160275.jpg
122,ORI,Demonic Pact,サポート,黒,神話レア,21,1000,33,./card_img/ori/160249.jpg
123,ORI,Acolyte of the Inferno,クリーチャー,赤,コモン,6,10,24,./card_img/ori/160296.jpg
124,ORI,Akroan Sergeant,クリーチャー,赤,コモン,9,10,18,./card_img/ori/158740.jpg
125,ORI,Bellows Lizard,クリーチャー,赤,コモン,7,10,48,./card_img/ori/145863.jpg
126,ORI,Cobblebrute,クリーチャー,赤,コモン,8,10,16,./card_img/ori/145865.jpg
127,ORI,Firefiend Elemental,クリーチャー,赤,コモン,8,10,46,./card_img/ori/160300.jpg
128,ORI,Ghirapur Gearcrafter,クリーチャー,赤,コモン,9,10,11,./card_img/ori/160306.jpg
129,ORI,Goblin Glory Chaser,クリーチャー,赤,コモン,3,10,39,./card_img/ori/160302.jpg
130,ORI,Subterranean Scout,クリーチャー,赤,コモン,4,10,30,./card_img/ori/160288.jpg
131,ORI,Dragon Fodder,呪文,赤,コモン,6,10,43,./card_img/ori/115021.jpg
132,ORI,Fiery Impulse,呪文,赤,コモン,4,10,30,./card_img/ori/160289.jpg
133,ORI,Lightning Javelin,呪文,赤,コモン,6,10,38,./card_img/ori/160295.jpg
134,ORI,Smash to Smithereens,呪文,赤,コモン,3,10,20,./card_img/ori/111841.jpg
135,ORI,Titan's Strength,呪文,赤,コモン,4,10,47,./card_img/ori/151551.jpg
136,ORI,Ghirapur AEther Grid,サポート,赤,コモン,6,10,13,./card_img/ori/160290.jpg
137,ORI,Boggart Brute,クリーチャー,赤,アンコモン,11,50,17,./card_img/ori/159400.jpg
138,ORI,Enthralling Victor,クリーチャー,赤,アンコモン,8,50,32,./card_img/ori/160285.jpg
139,ORI,Goblin Piledriver,クリーチャー,赤,アンコモン,10,50,39,./card_img/ori/43140.jpg
140,ORI,Mage-Ring Bully,クリーチャー,赤,アンコモン,10,50,14,./card_img/ori/160277.jpg
141,ORI,Prickleboar,クリーチャー,赤,アンコモン,11,50,10,./card_img/ori/160280.jpg
142,ORI,Seismic Elemental,クリーチャー,赤,アンコモン,10,50,40,./card_img/ori/160298.jpg
143,ORI,Skyraker Giant,クリーチャー,赤,アンコモン,11,50,45,./card_img/ori/160283.jpg
144,ORI,Thopter Engineer,クリーチャー,赤,アンコモン,9,50,8,./card_img/ori/160294.jpg
145,ORI,Volcanic Rambler,クリーチャー,赤,アンコモン,8,50,35,./card_img/ori/160304.jpg
146,ORI,Act of Treason,呪文,赤,アンコモン,4,50,2,./card_img/ori/121664.jpg
147,ORI,Chandra's Fury,呪文,赤,アンコモン,11,50,45,./card_img/ori/143854.jpg
148,ORI,Demolish,呪文,赤,アンコモン,3,50,6,./card_img/ori/123684.jpg
149,ORI,Fiery Conclusion,呪文,赤,アンコモン,1,50,24,./card_img/ori/88640.jpg
150,ORI,Infectious Bloodlust,呪文,赤,アンコモン,6,50,32,./card_img/ori/160301.jpg
151,ORI,Magmatic Insight,呪文,赤,アンコモン,5,50,21,./card_img/ori/160291.jpg
152,ORI,Call of the Full Moon,サポート,赤,アンコモン,13,50,23,./card_img/ori/160287.jpg
153,ORI,Abbot of Keral Keep,クリーチャー,赤,レア,13,500,41,./card_img/ori/160307.jpg
154,ORI,Embermaw Hellion,クリーチャー,赤,レア,16,500,45,./card_img/ori/157372.jpg
155,ORI,Pia and Kiran Nalaar,クリーチャー,赤,レア,17,500,23,./card_img/ori/160279.jpg
156,ORI,Scab-Clan Berserker,クリーチャー,赤,レア,16,500,35,./card_img/ori/160284.jpg
157,ORI,Exquisite Firecraft,呪文,赤,レア,6,500,34,./card_img/ori/160293.jpg
158,ORI,Ravaging Blaze,呪文,赤,レア,6,500,1,./card_img/ori/160299.jpg
159,ORI,Flameshadow Conjuring,サポート,赤,レア,10,500,36,./card_img/ori/160292.jpg
160,ORI,Avaricious Dragon,クリーチャー,赤,神話レア,15,1000,30,./card_img/ori/160305.jpg
161,ORI,Chandra's Ignition,クリーチャー,赤,神話レア,14,1000,10,./card_img/ori/160278.jpg
162,ORI,Molten Vortex,サポート,赤,神話レア,10,1000,17,./card_img/ori/160303.jpg
163,ORI,Caustic Caterpillar,クリーチャー,緑,コモン,3,10,43,./card_img/ori/160315.jpg
164,ORI,Elvish Visionary,クリーチャー,緑,コモン,5,10,9,./card_img/ori/115155.jpg
165,ORI,Hitchclaw Recluse,クリーチャー,緑,コモン,11,10,13,./card_img/ori/160316.jpg
166,ORI,Leaf Gilder,クリーチャー,緑,コモン,5,10,24,./card_img/ori/105400.jpg
167,ORI,Llanowar Empath,クリーチャー,緑,コモン,7,10,5,./card_img/ori/102340.jpg
168,ORI,Orchard Spirit,クリーチャー,緑,コモン,6,10,22,./card_img/ori/138389.jpg
169,ORI,Pharika's Disciple,クリーチャー,緑,コモン,12,10,25,./card_img/ori/160328.jpg
170,ORI,Timberpack Wolf,クリーチャー,緑,コモン,8,10,46,./card_img/ori/143968.jpg
171,ORI,Valeron Wardens,クリーチャー,緑,コモン,7,10,27,./card_img/ori/160312.jpg
172,ORI,Yeva's Forcemage,クリーチャー,緑,コモン,10,10,27,./card_img/ori/143856.jpg
173,ORI,Aerial Volley,呪文,緑,コモン,1,10,19,./card_img/ori/160329.jpg
174,ORI,Mantle of Webs,呪文,緑,コモン,9,10,42,./card_img/ori/160326.jpg
175,ORI,Might of the Masses,呪文,緑,コモン,6,10,34,./card_img/ori/127344.jpg
176,ORI,Wild Instincts,呪文,緑,コモン,8,10,19,./card_img/ori/159697.jpg
177,ORI,Nissa's Pilgrimage,サポート,緑,コモン,3,10,7,./card_img/ori/160325.jpg
178,ORI,Conclave Naturalists,クリーチャー,緑,アンコモン,11,50,28,./card_img/ori/160308.jpg
179,ORI,Dwynen's Elite,クリーチャー,緑,アンコモン,13,50,22,./card_img/ori/160323.jpg
180,ORI,Rhox Maulers,クリーチャー,緑,アンコモン,11,50,44,./card_img/ori/160319.jpg
181,ORI,Somberwald Alpha,クリーチャー,緑,アンコモン,11,50,11,./card_img/ori/160322.jpg
182,ORI,Sylvan Messenger,クリーチャー,緑,アンコモン,10,50,21,./card_img/ori/148334.jpg
183,ORI,Undercity Troll,クリーチャー,緑,アンコモン,13,50,20,./card_img/ori/160327.jpg
184,ORI,Vastwood Gorger,クリーチャー,緑,アンコモン,11,50,17,./card_img/ori/123605.jpg
185,ORI,Gather the Pack,呪文,緑,アンコモン,6,50,26,./card_img/ori/159863.jpg
186,ORI,Reclaim,呪文,緑,アンコモン,3,50,34,./card_img/ori/5615.jpg
187,ORI,Titanic Growth,呪文,緑,アンコモン,6,50,27,./card_img/ori/135280.jpg
188,ORI,Vine Snare,呪文,緑,アンコモン,6,50,23,./card_img/ori/160318.jpg
189,ORI,Elemental Bond,サポート,緑,アンコモン,5,50,4,./card_img/ori/159703.jpg
190,ORI,Dwynen Gilt-Leaf Daen,クリーチャー,緑,レア,14,500,50,./card_img/ori/159398.jpg
191,ORI,Herald of the Pantheon,クリーチャー,緑,レア,7,500,35,./card_img/ori/160311.jpg
192,ORI,Honored Hierarch,クリーチャー,緑,レア,6,500,11,./card_img/ori/160310.jpg
193,ORI,Managorger Hydra,クリーチャー,緑,レア,8,500,30,./card_img/ori/160331.jpg
194,ORI,Outland Colossus,クリーチャー,緑,レア,15,500,35,./card_img/ori/157363.jpg
195,ORI,Skysnare Spider,クリーチャー,緑,レア,16,500,45,./card_img/ori/160320.jpg
196,ORI,Animist's Awakening,呪文,緑,レア,5,500,44,./card_img/ori/1.jpg
197,ORI,Joraga Invocation,呪文,緑,レア,14,500,30,./card_img/ori/160321.jpg
198,ORI,Zendikar's Roil,サポート,緑,レア,7,500,22,./card_img/ori/160011.jpg
199,ORI,Gaea's Revenge,クリーチャー,緑,神話レア,23,1000,14,./card_img/ori/129122.jpg
200,ORI,Woodland Bellower,クリーチャー,緑,神話レア,16,1000,26,./card_img/ori/160330.jpg
201,ORI,Nissa's Revelation,呪文,緑,神話レア,13,1000,40,./card_img/ori/159687.jpg
202,ORI,The Great Aurora,呪文,緑,神話レア,15,1000,23,./card_img/ori/160317.jpg
203,ORI,Evolutionary Leap,サポート,緑,神話レア,15,1000,16,./card_img/ori/156397.jpg
204,ORI,Blazing Hellhound,クリーチャー,黒赤,アンコモン,10,50,40,./card_img/ori/160335.jpg
205,ORI,Blood-Cursed Knight,クリーチャー,白黒,アンコモン,17,50,16,./card_img/ori/160333.jpg
206,ORI,Bounding Krasis,クリーチャー,緑青,アンコモン,11,50,47,./card_img/ori/160339.jpg
207,ORI,Citadel Castellan,クリーチャー,緑白,アンコモン,16,50,33,./card_img/ori/160341.jpg
208,ORI,Iroas's Champion,クリーチャー,赤白,アンコモン,19,50,12,./card_img/ori/160337.jpg
209,ORI,Possessed Skaab,クリーチャー,青黒,アンコモン,13,50,43,./card_img/ori/160340.jpg
210,ORI,Reclusive Artificer,クリーチャー,青赤,アンコモン,11,50,30,./card_img/ori/160334.jpg
211,ORI,Shaman of the Pack,クリーチャー,黒緑,アンコモン,10,50,10,./card_img/ori/160332.jpg
212,ORI,Thunderclap Wyvern,クリーチャー,白青,アンコモン,12,50,40,./card_img/ori/160338.jpg
213,ORI,Zendikar Incarnate,クリーチャー,赤緑,神話レア,20,1000,45,./card_img/ori/160336.jpg
214,ORI,Bonded Construct,クリーチャー,無,コモン,3,10,2,./card_img/ori/160343.jpg
215,ORI,Guardian Automaton,クリーチャー,無,コモン,10,10,37,./card_img/ori/160357.jpg
216,ORI,Guardians of Meletis,クリーチャー,無,コモン,10,10,35,./card_img/ori/150864.jpg
217,ORI,Runed Servitor,クリーチャー,無,コモン,6,10,20,./card_img/ori/127440.jpg
218,ORI,Alchemist's Vial,呪文,無,コモン,6,10,33,./card_img/ori/160344.jpg
219,ORI,Evolving Wilds,呪文,無,コモン,3,10,5,./card_img/ori/127296.jpg
220,ORI,Battlefield Forge,サポート,無,コモン,6,10,16,./card_img/ori/31067.jpg
221,ORI,Caves of Koilos,サポート,無,コモン,6,10,12,./card_img/ori/31044.jpg
222,ORI,Llanowar Wastes,サポート,無,コモン,6,10,36,./card_img/ori/31107.jpg
223,ORI,Prism Ring,サポート,無,コモン,6,10,6,./card_img/ori/160350.jpg
224,ORI,Shivan Reef,サポート,無,コモン,6,10,1,./card_img/ori/31140.jpg
225,ORI,Veteran's Sidearm,サポート,無,コモン,6,10,3,./card_img/ori/160355.jpg
226,ORI,Yavimaya Coast,サポート,無,コモン,6,10,12,./card_img/ori/31172.jpg
227,ORI,Chief of the Foundry,クリーチャー,無,アンコモン,11,50,35,./card_img/ori/160347.jpg
228,ORI,Gold-Forged Sentinel,クリーチャー,無,アンコモン,11,50,9,./card_img/ori/152818.jpg
229,ORI,Ramroller,クリーチャー,無,アンコモン,12,50,50,./card_img/ori/160358.jpg
230,ORI,Foundry of the Consuls,呪文,無,アンコモン,11,50,22,./card_img/ori/160365.jpg
231,ORI,Angel's Tomb,サポート,無,アンコモン,12,50,21,./card_img/ori/141604.jpg
232,ORI,Brawler's Plate,サポート,無,アンコモン,8,50,17,./card_img/ori/155374.jpg
233,ORI,Jayemdae Tome,サポート,無,アンコモン,5,50,8,./card_img/ori/27677.jpg
234,ORI,Mage-Ring Network,サポート,無,アンコモン,14,50,21,./card_img/ori/160364.jpg
235,ORI,Meteorite,サポート,無,アンコモン,8,50,42,./card_img/ori/155390.jpg
236,ORI,Sigil of Valor,サポート,無,アンコモン,9,50,42,./card_img/ori/160351.jpg
237,ORI,Throwing Knife,サポート,無,アンコモン,6,50,23,./card_img/ori/138768.jpg
238,ORI,War Horn,サポート,無,アンコモン,14,50,20,./card_img/ori/160342.jpg
239,ORI,Mage-Ring Responder,クリーチャー,無,レア,15,500,31,./card_img/ori/160349.jpg
240,ORI,Helm of the Gods,呪文,無,レア,7,500,27,./card_img/ori/160346.jpg
241,ORI,Orbs of Warding,サポート,無,レア,14,500,48,./card_img/ori/160354.jpg
242,ORI,Rogue's Passage,サポート,無,レア,8,500,8,./card_img/ori/145935.jpg
243,ORI,Sword of the Animist,サポート,無,レア,7,500,41,./card_img/ori/160356.jpg
244,ORI,Hangarback Walker,クリーチャー,無,神話レア,25,1000,38,./card_img/ori/160353.jpg
245,ORI,Alhammarret's Archive,サポート,無,神話レア,12,1000,42,./card_img/ori/160352.jpg
246,ORI,Pyromancer's Goggles,サポート,無,神話レア,25,1000,45,./card_img/ori/160359.jpg
247,BFZ,Courier Griffin,クリーチャー,白,コモン,7,10,11,./card_img/bfz/160619.jpg
248,BFZ,Expedition Envoy,クリーチャー,白,コモン,5,10,11,./card_img/bfz/160823.jpg
249,BFZ,Felidar Cub,クリーチャー,白,コモン,5,10,23,./card_img/bfz/160859.jpg
250,BFZ,Ghostly Sentinel,クリーチャー,白,コモン,10,10,44,./card_img/bfz/160618.jpg
251,BFZ,Kitesail Scout,クリーチャー,白,コモン,4,10,3,./card_img/bfz/160624.jpg
252,BFZ,Kor Castigator,クリーチャー,白,コモン,6,10,2,./card_img/bfz/160899.jpg
253,BFZ,Makindi Patrol,クリーチャー,白,コモン,10,10,6,./card_img/bfz/160628.jpg
254,BFZ,Ondu Greathorn,クリーチャー,白,コモン,8,10,48,./card_img/bfz/160629.jpg
255,BFZ,Shadow Glider,クリーチャー,白,コモン,7,10,48,./card_img/bfz/160620.jpg
256,BFZ,Stone Haven Medic,クリーチャー,白,コモン,6,10,13,./card_img/bfz/160626.jpg
257,BFZ,Angelic Gift,呪文,白,コモン,8,10,50,./card_img/bfz/161166.jpg
258,BFZ,Inspired Charge,呪文,白,コモン,5,10,34,./card_img/bfz/160633.jpg
259,BFZ,Lithomancer's Focus,呪文,白,コモン,3,10,41,./card_img/bfz/160627.jpg
260,BFZ,Sheer Drop,呪文,白,コモン,8,10,23,./card_img/bfz/160630.jpg
261,BFZ,Smite the Monstrous,呪文,白,コモン,8,10,6,./card_img/bfz/160937.jpg
262,BFZ,Tandem Tactics,呪文,白,コモン,10,10,9,./card_img/bfz/160906.jpg
263,BFZ,Gideon's Reproach,サポート,白,コモン,10,10,25,./card_img/bfz/160623.jpg
264,BFZ,Angel of Renewal,クリーチャー,白,アンコモン,13,50,49,./card_img/bfz/160919.jpg
265,BFZ,Cliffside Lookout,クリーチャー,白,アンコモン,8,50,9,./card_img/bfz/160900.jpg
266,BFZ,Kor Bladewhirl,クリーチャー,白,アンコモン,13,50,22,./card_img/bfz/160625.jpg
267,BFZ,Kor Entanglers,クリーチャー,白,アンコモン,9,50,10,./card_img/bfz/160926.jpg
268,BFZ,Serene Steward,クリーチャー,白,アンコモン,6,50,22,./card_img/bfz/160876.jpg
269,BFZ,Encircling Fissure,呪文,白,アンコモン,5,50,47,./card_img/bfz/160847.jpg
270,BFZ,Ondu Rising,呪文,白,アンコモン,4,50,27,./card_img/bfz/160891.jpg
271,BFZ,Roil's Retribution,呪文,白,アンコモン,2,50,44,./card_img/bfz/160621.jpg
272,BFZ,Unified Front,呪文,白,アンコモン,12,50,4,./card_img/bfz/160920.jpg
273,BFZ,Blighted Steppe,サポート,白,アンコモン,11,50,6,./card_img/bfz/160735.jpg
274,BFZ,Retreat to Emeria,サポート,白,アンコモン,4,50,28,./card_img/bfz/160822.jpg
275,BFZ,Lantern Scout,クリーチャー,白,レア,5,500,35,./card_img/bfz/160815.jpg
276,BFZ,Emeria Shepherd,クリーチャー,白,神話レア,11,1000,37,./card_img/bfz/160886.jpg
277,BFZ,Felidar Sovereign,クリーチャー,白,神話レア,8,1000,31,./card_img/bfz/123640.jpg
278,BFZ,Hero of Goma Fada,クリーチャー,白,神話レア,18,1000,39,./card_img/bfz/160866.jpg
279,BFZ,Quarantine Field,サポート,白,神話レア,15,1000,42,./card_img/bfz/160816.jpg
280,BFZ,Benthic Infiltrator,クリーチャー,青,コモン,8,10,40,./card_img/bfz/160642.jpg
281,BFZ,Cloud Manta,クリーチャー,青,コモン,5,10,11,./card_img/bfz/160643.jpg
282,BFZ,Eldrazi Skyspawner,クリーチャー,青,コモン,11,10,37,./card_img/bfz/160636.jpg
283,BFZ,Incubator Drone,クリーチャー,青,コモン,7,10,45,./card_img/bfz/160848.jpg
284,BFZ,Mist Intruder,クリーチャー,青,コモン,5,10,39,./card_img/bfz/160881.jpg
285,BFZ,Murk Strider,クリーチャー,青,コモン,3,10,25,./card_img/bfz/160812.jpg
286,BFZ,Salvage Drone,クリーチャー,青,コモン,6,10,23,./card_img/bfz/160638.jpg
287,BFZ,Tide Drifter,クリーチャー,青,コモン,6,10,39,./card_img/bfz/160653.jpg
288,BFZ,Wave-Wing Elemental,クリーチャー,青,コモン,6,10,37,./card_img/bfz/160647.jpg
289,BFZ,Windrider Patrol,クリーチャー,青,コモン,4,10,45,./card_img/bfz/160641.jpg
290,BFZ,Anticipate,呪文,青,コモン,4,10,19,./card_img/bfz/161055.jpg
291,BFZ,Clutch of Currents,呪文,青,コモン,6,10,45,./card_img/bfz/160645.jpg
292,BFZ,Dispel,呪文,青,コモン,6,10,6,./card_img/bfz/160650.jpg
293,BFZ,Roilmage's Trick,呪文,青,コモン,2,10,20,./card_img/bfz/160651.jpg
294,BFZ,Rush of Ice,呪文,青,コモン,1,10,24,./card_img/bfz/160836.jpg
295,BFZ,Spell Shrivel,呪文,青,コモン,5,10,38,./card_img/bfz/160726.jpg
296,BFZ,Tightening Coils,呪文,青,コモン,10,10,26,./card_img/bfz/160840.jpg
297,BFZ,Dampening Pulse,サポート,青,コモン,7,10,35,./card_img/bfz/161080.jpg
298,BFZ,Coralhelm Guide,クリーチャー,青,アンコモン,7,50,10,./card_img/bfz/160934.jpg
299,BFZ,Cryptic Cruiser,クリーチャー,青,アンコモン,10,50,44,./card_img/bfz/160637.jpg
300,BFZ,Halimar Tidecaller,クリーチャー,青,アンコモン,17,50,48,./card_img/bfz/161015.jpg
301,BFZ,Oracle of Dust,クリーチャー,青,アンコモン,6,50,19,./card_img/bfz/160640.jpg
302,BFZ,Ruination Guide,クリーチャー,青,アンコモン,10,50,13,./card_img/bfz/160885.jpg
303,BFZ,Ulamog's Reclaimer,クリーチャー,青,アンコモン,11,50,8,./card_img/bfz/160913.jpg
304,BFZ,Adverse Conditions,呪文,青,アンコモン,6,50,35,./card_img/bfz/160644.jpg
305,BFZ,Brilliant Spectrum,呪文,青,アンコモン,9,50,9,./card_img/bfz/161154.jpg
306,BFZ,Coastal Discovery,呪文,青,アンコモン,3,50,48,./card_img/bfz/160646.jpg
307,BFZ,Horribly Awry,呪文,青,アンコモン,6,50,6,./card_img/bfz/160652.jpg
308,BFZ,Blighted Cataract,サポート,青,アンコモン,12,50,9,./card_img/bfz/160765.jpg
309,BFZ,Retreat to Coralhelm,サポート,青,アンコモン,3,50,35,./card_img/bfz/160923.jpg
310,BFZ,Guardian of Tazeem,クリーチャー,青,レア,13,500,48,./card_img/bfz/160846.jpg
311,BFZ,Scatter to the Winds,呪文,青,レア,3,500,3,./card_img/bfz/160858.jpg
312,BFZ,Ugin's Insight,呪文,青,レア,21,500,35,./card_img/bfz/160654.jpg
313,BFZ,Prism Array,サポート,青,レア,6,500,12,./card_img/bfz/160879.jpg
314,BFZ,Drowner of Hope,クリーチャー,青,神話レア,17,1000,47,./card_img/bfz/160860.jpg
315,BFZ,Exert Influence,呪文,青,神話レア,10,1000,14,./card_img/bfz/160852.jpg
316,BFZ,Part the Waterveil,サポート,青,神話レア,12,1000,2,./card_img/bfz/160916.jpg
317,BFZ,Culling Drone,クリーチャー,黒,コモン,10,10,40,./card_img/bfz/160665.jpg
318,BFZ,Dominator Drone,クリーチャー,黒,コモン,9,10,48,./card_img/bfz/160664.jpg
319,BFZ,Geyserfield Stalker,クリーチャー,黒,コモン,7,10,20,./card_img/bfz/160662.jpg
320,BFZ,Kalastria Healer,クリーチャー,黒,コモン,13,10,3,./card_img/bfz/160663.jpg
321,BFZ,Kalastria Nightwatch,クリーチャー,黒,コモン,7,10,14,./card_img/bfz/160656.jpg
322,BFZ,Mind Raker,クリーチャー,黒,コモン,7,10,18,./card_img/bfz/160817.jpg
323,BFZ,Nirkana Assassin,クリーチャー,黒,コモン,6,10,34,./card_img/bfz/161020.jpg
324,BFZ,Silent Skimmer,クリーチャー,黒,コモン,10,10,37,./card_img/bfz/160921.jpg
325,BFZ,Sludge Crawler,クリーチャー,黒,コモン,4,10,9,./card_img/bfz/160928.jpg
326,BFZ,Zulaport Cutthroat,クリーチャー,黒,コモン,18,10,46,./card_img/bfz/160671.jpg
327,BFZ,Altar's Reap,呪文,黒,コモン,1,10,40,./card_img/bfz/160672.jpg
328,BFZ,Bone Splinters,呪文,黒,コモン,5,10,31,./card_img/bfz/160911.jpg
329,BFZ,Complete Disregard,呪文,黒,コモン,4,10,6,./card_img/bfz/160835.jpg
330,BFZ,Demon's Grasp,呪文,黒,コモン,9,10,33,./card_img/bfz/160658.jpg
331,BFZ,Dutiful Return,呪文,黒,コモン,8,10,29,./card_img/bfz/160915.jpg
332,BFZ,Grave Birthing,呪文,黒,コモン,7,10,18,./card_img/bfz/160895.jpg
333,BFZ,Mire's Malice,呪文,黒,コモン,7,10,17,./card_img/bfz/160666.jpg
334,BFZ,Bloodbond Vampire,クリーチャー,黒,アンコモン,9,50,25,./card_img/bfz/160655.jpg
335,BFZ,Carrier Thrall,クリーチャー,黒,アンコモン,16,50,26,./card_img/bfz/160824.jpg
336,BFZ,Hagra Sharpshooter,クリーチャー,黒,アンコモン,9,50,18,./card_img/bfz/160850.jpg
337,BFZ,Malakir Familiar,クリーチャー,黒,アンコモン,11,50,22,./card_img/bfz/160807.jpg
338,BFZ,Skitterskin,クリーチャー,黒,アンコモン,11,50,7,./card_img/bfz/160898.jpg
339,BFZ,Voracious Null,クリーチャー,黒,アンコモン,10,50,27,./card_img/bfz/160659.jpg
340,BFZ,Grip of Desolation,呪文,黒,アンコモン,5,50,24,./card_img/bfz/160657.jpg
341,BFZ,Rising Miasma,呪文,黒,アンコモン,8,50,23,./card_img/bfz/160667.jpg
342,BFZ,Transgress the Mind,呪文,黒,アンコモン,3,50,22,./card_img/bfz/160661.jpg
343,BFZ,Blighted Fen,サポート,黒,アンコモン,12,50,2,./card_img/bfz/160732.jpg
344,BFZ,Retreat to Hagra,サポート,黒,アンコモン,4,50,39,./card_img/bfz/160892.jpg
345,BFZ,Vampiric Rites,サポート,黒,アンコモン,1,50,1,./card_img/bfz/160869.jpg
346,BFZ,Defiant Bloodlord,クリーチャー,黒,レア,14,500,37,./card_img/bfz/160853.jpg
347,BFZ,Guul Draz Overseer,クリーチャー,黒,レア,15,500,36,./card_img/bfz/160887.jpg
348,BFZ,Painful Truths,呪文,黒,レア,16,500,35,./card_img/bfz/160810.jpg
349,BFZ,Ruinous Path,呪文,黒,レア,5,500,35,./card_img/bfz/160674.jpg
350,BFZ,Drana Liberator of Malakir,クリーチャー,黒,神話レア,12,1000,37,./card_img/bfz/160673.jpg
351,BFZ,Smothering Abomination,クリーチャー,黒,神話レア,16,1000,13,./card_img/bfz/160914.jpg
352,BFZ,Wasteland Strangler,クリーチャー,黒,神話レア,18,1000,3,./card_img/bfz/160660.jpg
353,BFZ,Belligerent Whiptail,クリーチャー,赤,コモン,5,10,48,./card_img/bfz/160676.jpg
354,BFZ,Chasm Guide,クリーチャー,赤,コモン,4,10,35,./card_img/bfz/160681.jpg
355,BFZ,Firemantle Mage,クリーチャー,赤,コモン,7,10,39,./card_img/bfz/160680.jpg
356,BFZ,Kozilek's Sentinel,クリーチャー,赤,コモン,6,10,43,./card_img/bfz/160678.jpg
357,BFZ,Makindi Sliderunner,クリーチャー,赤,コモン,8,10,28,./card_img/bfz/160851.jpg
358,BFZ,Nettle Drone,クリーチャー,赤,コモン,8,10,45,./card_img/bfz/160907.jpg
359,BFZ,Ondu Champion,クリーチャー,赤,コモン,8,10,26,./card_img/bfz/160684.jpg
360,BFZ,Reckless Cohort,クリーチャー,赤,コモン,5,10,21,./card_img/bfz/160683.jpg
361,BFZ,Shatterskull Recruit,クリーチャー,赤,コモン,6,10,12,./card_img/bfz/160687.jpg
362,BFZ,Tunneling Geopede,クリーチャー,赤,コモン,5,10,47,./card_img/bfz/160688.jpg
363,BFZ,Valakut Predator,クリーチャー,赤,コモン,6,10,44,./card_img/bfz/160686.jpg
364,BFZ,Boiling Earth,呪文,赤,コモン,6,10,21,./card_img/bfz/160690.jpg
365,BFZ,Goblin War Paint,呪文,赤,コモン,8,10,48,./card_img/bfz/160693.jpg
366,BFZ,Outnumber,呪文,赤,コモン,8,10,26,./card_img/bfz/160691.jpg
367,BFZ,Stonefury,呪文,赤,コモン,10,10,40,./card_img/bfz/160692.jpg
368,BFZ,Sure Strike,呪文,赤,コモン,1,10,43,./card_img/bfz/160837.jpg
369,BFZ,Touch of the Void,呪文,赤,コモン,6,10,46,./card_img/bfz/160689.jpg
370,BFZ,Volcanic Upheaval,呪文,赤,コモン,6,10,13,./card_img/bfz/160843.jpg
371,BFZ,Looming Spires,サポート,赤,コモン,15,10,28,./card_img/bfz/160737.jpg
372,BFZ,Akoum Stonewaker,クリーチャー,赤,アンコモン,8,50,41,./card_img/bfz/160675.jpg
373,BFZ,Lavastep Raider,クリーチャー,赤,アンコモン,7,50,10,./card_img/bfz/160682.jpg
374,BFZ,Valakut Invoker,クリーチャー,赤,アンコモン,7,50,13,./card_img/bfz/160825.jpg
375,BFZ,Vestige of Emrakul,クリーチャー,赤,アンコモン,10,50,37,./card_img/bfz/160679.jpg
376,BFZ,Vile Aggregate,クリーチャー,赤,アンコモン,10,50,24,./card_img/bfz/160685.jpg
377,BFZ,Processor Assault,呪文,赤,アンコモン,1,50,11,./card_img/bfz/161083.jpg
378,BFZ,Rolling Thunder,呪文,赤,アンコモン,9,50,11,./card_img/bfz/160932.jpg
379,BFZ,Turn Against,呪文,赤,アンコモン,2,50,26,./card_img/bfz/160839.jpg
380,BFZ,Blighted Gorge,サポート,赤,アンコモン,11,50,18,./card_img/bfz/160734.jpg
381,BFZ,Molten Nursery,サポート,赤,アンコモン,7,50,39,./card_img/bfz/160918.jpg
382,BFZ,Retreat to Valakut,サポート,赤,アンコモン,3,50,33,./card_img/bfz/160877.jpg
383,BFZ,Akoum Hellkite,クリーチャー,赤,レア,12,500,43,./card_img/bfz/160933.jpg
384,BFZ,Barrage Tyrant,クリーチャー,赤,レア,16,500,18,./card_img/bfz/160874.jpg
385,BFZ,Zada Hedron Grinder,クリーチャー,赤,レア,10,500,44,./card_img/bfz/160821.jpg
386,BFZ,Radiant Flames,呪文,赤,レア,15,500,49,./card_img/bfz/160930.jpg
387,BFZ,Akoum Firebird,クリーチャー,赤,神話レア,15,1000,42,./card_img/bfz/160872.jpg
388,BFZ,Dragonmaster Outcast,クリーチャー,赤,神話レア,7,1000,32,./card_img/bfz/126481.jpg
389,BFZ,Crumble to Dust,呪文,赤,神話レア,6,1000,38,./card_img/bfz/160925.jpg
390,BFZ,Serpentine Spike,呪文,赤,神話レア,14,1000,44,./card_img/bfz/160845.jpg
391,BFZ,Blisterpod,クリーチャー,緑,コモン,11,10,18,./card_img/bfz/160697.jpg
392,BFZ,Broodhunter Wurm,クリーチャー,緑,コモン,5,10,11,./card_img/bfz/160709.jpg
393,BFZ,Eyeless Watcher,クリーチャー,緑,コモン,13,10,0,./card_img/bfz/160699.jpg
394,BFZ,Giant Mantis,クリーチャー,緑,コモン,8,10,38,./card_img/bfz/160705.jpg
395,BFZ,Oran-Rief Invoker,クリーチャー,緑,コモン,11,10,27,./card_img/bfz/160700.jpg
396,BFZ,Rot Shambler,クリーチャー,緑,コモン,12,10,35,./card_img/bfz/160910.jpg
397,BFZ,Snapping Gnarlid,クリーチャー,緑,コモン,6,10,16,./card_img/bfz/160774.jpg
398,BFZ,Tajuru Beastmaster,クリーチャー,緑,コモン,13,10,24,./card_img/bfz/160694.jpg
399,BFZ,Tajuru Stalwart,クリーチャー,緑,コモン,12,10,29,./card_img/bfz/160901.jpg
400,BFZ,Territorial Baloth,クリーチャー,緑,コモン,7,10,25,./card_img/bfz/160710.jpg
401,BFZ,Call the Scions,呪文,緑,コモン,10,10,1,./card_img/bfz/160696.jpg
402,BFZ,Earthen Arms,呪文,緑,コモン,6,10,5,./card_img/bfz/160873.jpg
403,BFZ,Natural Connection,呪文,緑,コモン,3,10,33,./card_img/bfz/160706.jpg
404,BFZ,Plummet,呪文,緑,コモン,4,10,3,./card_img/bfz/160834.jpg
405,BFZ,Reclaiming Vines,呪文,緑,コモン,8,10,37,./card_img/bfz/160698.jpg
406,BFZ,Seek the Wilds,呪文,緑,コモン,4,10,28,./card_img/bfz/160856.jpg
407,BFZ,Swell of Growth,呪文,緑,コモン,6,10,23,./card_img/bfz/160701.jpg
408,BFZ,Brood Monitor,クリーチャー,緑,アンコモン,14,50,10,./card_img/bfz/160695.jpg
409,BFZ,Lifespring Druid,クリーチャー,緑,アンコモン,14,50,29,./card_img/bfz/160707.jpg
410,BFZ,Murasa Ranger,クリーチャー,緑,アンコモン,9,50,34,./card_img/bfz/160703.jpg
411,BFZ,Plated Crusher,クリーチャー,緑,アンコモン,18,50,33,./card_img/bfz/160830.jpg
412,BFZ,Scythe Leopard,クリーチャー,緑,アンコモン,8,50,12,./card_img/bfz/160711.jpg
413,BFZ,Tajuru Warcaller,クリーチャー,緑,アンコモン,16,50,0,./card_img/bfz/160708.jpg
414,BFZ,Void Attendant,クリーチャー,緑,アンコモン,6,50,17,./card_img/bfz/160721.jpg
415,BFZ,Infuse with the Elements,呪文,緑,アンコモン,16,50,43,./card_img/bfz/160893.jpg
416,BFZ,Sylvan Scrying,呪文,緑,アンコモン,8,50,43,./card_img/bfz/160714.jpg
417,BFZ,Blighted Woodland,サポート,緑,アンコモン,7,50,34,./card_img/bfz/160767.jpg
418,BFZ,Retreat to Kazandu,サポート,緑,アンコモン,4,50,33,./card_img/bfz/160904.jpg
419,BFZ,Beastcaller Savant,クリーチャー,緑,レア,15,500,28,./card_img/bfz/160903.jpg
420,BFZ,Oran-Rief Hydra,クリーチャー,緑,レア,15,500,5,./card_img/bfz/160896.jpg
421,BFZ,Woodland Wanderer,クリーチャー,緑,レア,15,500,10,./card_img/bfz/160880.jpg
422,BFZ,From Beyond,サポート,緑,レア,9,500,31,./card_img/bfz/160725.jpg
423,BFZ,Greenwarden of Murasa,クリーチャー,緑,神話レア,17,1000,32,./card_img/bfz/160870.jpg
424,BFZ,Undergrowth Champion,クリーチャー,緑,神話レア,16,1000,12,./card_img/bfz/160888.jpg
425,BFZ,Nissa's Renewal,呪文,緑,神話レア,20,1000,25,./card_img/bfz/160713.jpg
426,BFZ,Roil Spout,呪文,白青,アンコモン,10,50,16,./card_img/bfz/160720.jpg
427,BFZ,Ulamog's Nullifier,クリーチャー,青黒,アンコモン,11,50,7,./card_img/bfz/160871.jpg
428,BFZ,Forerunner of Slaughter,クリーチャー,黒赤,アンコモン,11,50,11,./card_img/bfz/160722.jpg
429,BFZ,Grove Rumbler,クリーチャー,赤緑,アンコモン,13,50,36,./card_img/bfz/160724.jpg
430,BFZ,Grovetender Druids,クリーチャー,緑白,アンコモン,8,50,21,./card_img/bfz/160865.jpg
431,BFZ,Drana's Emissary,クリーチャー,白黒,アンコモン,17,50,3,./card_img/bfz/160723.jpg
432,BFZ,Herald of Kozilek,クリーチャー,青赤,アンコモン,12,50,26,./card_img/bfz/160718.jpg
433,BFZ,Catacomb Sifter,クリーチャー,黒緑,アンコモン,13,50,32,./card_img/bfz/160716.jpg
434,BFZ,Resolute Blademaster,クリーチャー,赤白,アンコモン,17,50,12,./card_img/bfz/160715.jpg
435,BFZ,Skyrider Elf,クリーチャー,緑青,アンコモン,17,50,45,./card_img/bfz/160841.jpg
436,BFZ,Noyan Dar Roil Shaper,クリーチャー,白青,レア,18,500,19,./card_img/bfz/160924.jpg
437,BFZ,Fathom Feeder,クリーチャー,青黒,レア,20,500,36,./card_img/bfz/160889.jpg
438,BFZ,Dust Stalker,クリーチャー,黒赤,レア,11,500,16,./card_img/bfz/160854.jpg
439,BFZ,Veteran Warleader,クリーチャー,緑白,レア,15,500,25,./card_img/bfz/160717.jpg
440,BFZ,March from the Tomb,呪文,白黒,レア,20,500,31,./card_img/bfz/160927.jpg
441,BFZ,Brutal Expulsion,呪文,青赤,レア,12,500,39,./card_img/bfz/160831.jpg
442,BFZ,Brood Butcher,クリーチャー,黒緑,レア,17,500,40,./card_img/bfz/160838.jpg
443,BFZ,Angelic Captain,クリーチャー,赤白,レア,16,500,17,./card_img/bfz/160829.jpg
444,BFZ,Sire of Stagnation,クリーチャー,青黒,神話レア,18,1000,37,./card_img/bfz/160917.jpg
445,BFZ,Omnath Locus of Rage,クリーチャー,赤緑,神話レア,18,1000,23,./card_img/bfz/161173.jpg
446,BFZ,Bring to Light,呪文,緑青,神話レア,10,1000,21,./card_img/bfz/160828.jpg
447,BFZ,Kozilek's Channeler,クリーチャー,無,コモン,14,10,46,./card_img/bfz/160609.jpg
448,BFZ,Ruin Processor,クリーチャー,無,コモン,17,10,7,./card_img/bfz/160611.jpg
449,BFZ,Scour from Existence,呪文,無,コモン,12,10,24,./card_img/bfz/160608.jpg
450,BFZ,Ally Encampment,サポート,無,コモン,10,10,27,./card_img/bfz/160826.jpg
451,BFZ,Fertile Thicket,サポート,無,コモン,2,10,17,./card_img/bfz/160766.jpg
452,BFZ,Hedron Blade,サポート,無,コモン,8,10,9,./card_img/bfz/160727.jpg
453,BFZ,Mortuary Mire,サポート,無,コモン,11,10,33,./card_img/bfz/160731.jpg
454,BFZ,Sandstone Bridge,サポート,無,コモン,15,10,37,./card_img/bfz/160736.jpg
455,BFZ,Skyline Cascade,サポート,無,コモン,8,10,9,./card_img/bfz/160733.jpg
456,BFZ,Breaker of Armies,クリーチャー,無,アンコモン,19,50,8,./card_img/bfz/160610.jpg
457,BFZ,Deathless Behemoth,クリーチャー,無,アンコモン,19,50,28,./card_img/bfz/160814.jpg
458,BFZ,Pilgrim's Eye,クリーチャー,無,アンコモン,13,50,4,./card_img/bfz/160728.jpg
459,BFZ,Ulamog's Despoiler,クリーチャー,無,アンコモン,14,50,0,./card_img/bfz/160613.jpg
460,BFZ,Slab Hammer,呪文,無,アンコモン,8,50,26,./card_img/bfz/160936.jpg
461,BFZ,Hedron Archive,サポート,無,アンコモン,17,50,0,./card_img/bfz/160730.jpg
462,BFZ,Pathway Arrows,サポート,無,アンコモン,2,50,48,./card_img/bfz/160827.jpg
463,BFZ,Spawning Bed,サポート,無,アンコモン,16,50,5,./card_img/bfz/160922.jpg
464,BFZ,Blight Herder,クリーチャー,無,レア,11,500,3,./card_img/bfz/160616.jpg
465,BFZ,Conduit of Ruin,クリーチャー,無,レア,15,500,17,./card_img/bfz/160813.jpg
466,BFZ,Desolation Twin,クリーチャー,無,レア,21,500,32,./card_img/bfz/160935.jpg
467,BFZ,Eldrazi Devastator,クリーチャー,無,レア,18,500,38,./card_img/bfz/161126.jpg
468,BFZ,Endless One,クリーチャー,無,レア,8,500,41,./card_img/bfz/160931.jpg
469,BFZ,Aligned Hedron Network,呪文,無,レア,3,500,3,./card_img/bfz/159977.jpg
470,BFZ,Gruesome Slaughter,呪文,無,レア,5,500,49,./card_img/bfz/160617.jpg
471,BFZ,Titan's Presence,呪文,無,レア,2,500,29,./card_img/bfz/161125.jpg
472,BFZ,Canopy Vista,サポート,無,レア,5,500,18,./card_img/bfz/160890.jpg
473,BFZ,Cinder Glade,サポート,無,レア,5,500,46,./card_img/bfz/160902.jpg
474,BFZ,Lumbering Falls,サポート,無,レア,8,500,19,./card_img/bfz/160760.jpg
475,BFZ,Prairie Stream,サポート,無,レア,5,500,5,./card_img/bfz/160857.jpg
476,BFZ,Sanctum of Ugin,サポート,無,レア,5,500,47,./card_img/bfz/160855.jpg
477,BFZ,Shambling Vent,サポート,無,レア,7,500,3,./card_img/bfz/160761.jpg
478,BFZ,Shrine of the Forsaken Gods,サポート,無,レア,5,500,46,./card_img/bfz/161029.jpg
479,BFZ,Smoldering Marsh,サポート,無,レア,5,500,6,./card_img/bfz/160905.jpg
480,BFZ,Sunken Hollow,サポート,無,レア,5,500,34,./card_img/bfz/160883.jpg
481,BFZ,Bane of Bala Ged,クリーチャー,無,神話レア,18,1000,26,./card_img/bfz/160612.jpg
482,BFZ,Oblivion Sower,クリーチャー,無,神話レア,14,1000,9,./card_img/bfz/160615.jpg
483,BFZ,Ulamog the Ceaseless Hunger,クリーチャー,無,神話レア,21,1000,45,./card_img/bfz/160614.jpg
484,BFZ,Void Winnower,クリーチャー,無,神話レア,25,1000,21,./card_img/bfz/160864.jpg
485,OGW,Allied Reinforcements,呪文,白,アンコモン,7,50,28,./card_img/ogw/161206.png
486,OGW,Iona's Blessing,呪文,白,アンコモン,10,50,15,./card_img/ogw/161201.png
487,OGW,Make a Stand,呪文,白,アンコモン,15,50,18,./card_img/ogw/161207.png
488,OGW,Munda's Vanguard,クリーチャー,白,レア,14,500,3,./card_img/ogw/161205.png
489,OGW,Stone Haven Outfitter,クリーチャー,白,レア,17,500,36,./card_img/ogw/161037.png
490,OGW,Oath of Gideon,サポート,白,レア,5,500,0,./card_img/ogw/161016.png
491,OGW,General Tazri,クリーチャー,白,神話レア,20,1000,46,./card_img/ogw/161151.png
492,OGW,Linvala the Preserver,クリーチャー,白,神話レア,17,1000,35,./card_img/ogw/161197.png
493,OGW,Cyclone Sire,クリーチャー,青,アンコモン,11,50,23,./card_img/ogw/161220.png
494,OGW,Deepfathom Skulker,クリーチャー,青,レア,16,500,23,./card_img/ogw/161216.png
495,OGW,Oath of Jace,サポート,青,レア,8,500,36,./card_img/ogw/161128.png
496,OGW,Sphinx of the Final Word,クリーチャー,青,神話レア,19,1000,2,./card_img/ogw/161778.png
497,OGW,Crush of Tentacles,呪文,青,神話レア,21,1000,49,./card_img/ogw/161219.png
498,OGW,Reaver Drone,クリーチャー,黒,アンコモン,9,50,47,./card_img/ogw/161221.png
499,OGW,Visions of Brutality,呪文,黒,アンコモン,22,50,19,./card_img/ogw/161022.png
500,OGW,Drana's Chosen,クリーチャー,黒,レア,20,500,20,./card_img/ogw/161227.png
501,OGW,Remorseless Punishment,呪文,黒,レア,20,500,6,./card_img/ogw/161134.png
502,OGW,Inverter of Truth,クリーチャー,黒,神話レア,23,1000,2,./card_img/ogw/161104.png
503,OGW,Kalitas Traitor of Ghet,クリーチャー,黒,神話レア,12,1000,1,./card_img/ogw/161135.png
504,OGW,Reckless Bushwhacker,クリーチャー,赤,アンコモン,7,50,48,./card_img/ogw/161021.png
505,OGW,Devour in Flames,呪文,赤,アンコモン,3,50,14,./card_img/ogw/161059.png
506,OGW,Pyromancer's Assault,サポート,赤,アンコモン,5,50,13,./card_img/ogw/161239.png
507,OGW,Goblin Dark-Dwellers,クリーチャー,赤,レア,13,500,21,./card_img/ogw/161234.png
508,OGW,Oath of Chandra,サポート,赤,レア,11,500,18,./card_img/ogw/161019.png
509,OGW,Tyrant of Valakut,クリーチャー,赤,神話レア,20,1000,28,./card_img/ogw/161236.png
510,OGW,Kozilek's Return,呪文,赤,神話レア,3,1000,18,./card_img/ogw/161071.png
511,OGW,Birthing Hulk,クリーチャー,緑,アンコモン,21,50,0,./card_img/ogw/161082.png
512,OGW,Embodiment of Insight,クリーチャー,緑,アンコモン,20,50,45,./card_img/ogw/161093.png
513,OGW,Seed Guardian,クリーチャー,緑,アンコモン,16,50,35,./card_img/ogw/161256.png
514,OGW,Gladehart Cavalry,クリーチャー,緑,レア,21,500,30,./card_img/ogw/161251.png
515,OGW,Sylvan Advocate,クリーチャー,緑,レア,15,500,44,./card_img/ogw/161248.png
516,OGW,Oath of Nissa,サポート,緑,レア,15,500,26,./card_img/ogw/161118.png
517,OGW,World Breaker,クリーチャー,緑,神話レア,25,1000,27,./card_img/ogw/161246.png
518,OGW,Zendikar Resurgent,サポート,緑,神話レア,14,1000,36,./card_img/ogw/161100.png
519,OGW,Reflector Mage,クリーチャー,白青,アンコモン,11,50,12,./card_img/ogw/161259.png
520,OGW,Mindmelter,クリーチャー,青黒,アンコモン,20,50,27,./card_img/ogw/161072.png
521,OGW,Flayer Drone,クリーチャー,黒赤,アンコモン,15,50,26,./card_img/ogw/161147.png
522,OGW,Relentless Hunter,クリーチャー,赤緑,アンコモン,10,50,46,./card_img/ogw/161031.png
523,OGW,Cliffhaven Vampire,クリーチャー,白黒,アンコモン,16,50,7,./card_img/ogw/161017.png
524,OGW,Stormchaser Mage,クリーチャー,青赤,アンコモン,12,50,38,./card_img/ogw/161161.png
525,OGW,Baloth Null,クリーチャー,黒緑,アンコモン,17,50,41,./card_img/ogw/161258.png
526,OGW,Mina and Denn Wildborn,クリーチャー,赤緑,レア,14,500,19,./card_img/ogw/161091.png
527,OGW,Ayli Eternal Pilgrim,クリーチャー,白黒,レア,16,500,3,./card_img/ogw/161257.png
528,OGW,Jori En Ruin Diver,クリーチャー,青赤,レア,10,500,10,./card_img/ogw/161146.png
529,OGW,Walker of the Wastes,クリーチャー,無,アンコモン,15,50,26,./card_img/ogw/161194.png
530,OGW,Chitinous Cloak,呪文,無,アンコモン,7,50,46,./card_img/ogw/161262.png
531,OGW,Spatial Contortion,呪文,無,アンコモン,8,50,22,./card_img/ogw/161187.png
532,OGW,Strider Harness,サポート,無,アンコモン,8,50,41,./card_img/ogw/161263.png
533,OGW,Matter Reshaper,クリーチャー,無,レア,13,500,36,./card_img/ogw/161189.png
534,OGW,Reality Smasher,クリーチャー,無,レア,20,500,30,./card_img/ogw/161036.png
535,OGW,Captain's Claws,サポート,無,レア,18,500,27,./card_img/ogw/161261.png
536,OGW,Kozilek the Great Distortion,クリーチャー,無,神話レア,28,1000,23,./card_img/ogw/161061.png
537,OGW,Mirrorpool,サポート,無,神話レア,4,1000,1,./card_img/ogw/161052.png
538,SOI,Apothecary Geist,クリーチャー,白,コモン,5,10,11,./card_img/soi/161763.jpg
539,SOI,Dauntless Cathar,クリーチャー,白,コモン,7,10,33,./card_img/soi/161376.jpg
540,SOI,Emissary of the Sleepless,クリーチャー,白,コモン,7,10,6,./card_img/soi/161776.jpg
541,SOI,Inspiring Captain,クリーチャー,白,コモン,11,10,21,./card_img/soi/161454.jpg
542,SOI,Militant Inquisitor,クリーチャー,白,コモン,4,10,40,./card_img/soi/161641.jpg
543,SOI,Moorland Drifter,クリーチャー,白,コモン,5,10,0,./card_img/soi/161617.jpg
544,SOI,Stern Constable,クリーチャー,白,コモン,3,10,38,./card_img/soi/161476.jpg
545,SOI,Thraben Inspector,クリーチャー,白,コモン,5,10,31,./card_img/soi/161696.jpg
546,SOI,Unruly Mob,クリーチャー,白,コモン,6,10,46,./card_img/soi/138137.jpg
547,SOI,Chaplain's Blessing,呪文,白,コモン,3,10,47,./card_img/soi/161703.jpg
548,SOI,Ethereal Guidance,呪文,白,コモン,3,10,5,./card_img/soi/161668.jpg
549,SOI,Strength of Arms,呪文,白,コモン,3,10,42,./card_img/soi/161758.jpg
550,SOI,Survive the Night,呪文,白,コモン,3,10,37,./card_img/soi/161624.jpg
551,SOI,Vessel of Ephemera,サポート,白,コモン,3,10,5,./card_img/soi/161762.jpg
552,SOI,Avacynian Missionaries,クリーチャー,白,アンコモン,11,50,33,./card_img/soi/161414.jpg
553,SOI,Lunarch Inquisitors,クリーチャー,白,アンコモン,1,50,50,./card_img/soi/161458.jpg
554,SOI,Nearheath Chaplain,クリーチャー,白,アンコモン,10,50,18,./card_img/soi/161404.jpg
555,SOI,Paranoid Parish-Blade,クリーチャー,白,アンコモン,6,50,10,./card_img/soi/161423.jpg
556,SOI,Pious Evangel,クリーチャー,白,アンコモン,8,50,25,./card_img/soi/161487.jpg
557,SOI,Wayward Disciple,クリーチャー,白,アンコモン,1,50,40,./card_img/soi/161413.jpg
558,SOI,Spectral Shepherd,クリーチャー,白,アンコモン,7,50,37,./card_img/soi/161465.jpg
559,SOI,Town Gossipmonger,クリーチャー,白,アンコモン,6,50,36,./card_img/soi/161368.jpg
560,SOI,Incited Rabble,クリーチャー,白,アンコモン,1,50,35,./card_img/soi/161387.jpg
561,SOI,Humble the Brute,呪文,白,アンコモン,8,50,23,./card_img/soi/161468.jpg
562,SOI,Not Forgotten,呪文,白,アンコモン,3,50,7,./card_img/soi/161399.jpg
563,SOI,Hope Against Hope,呪文,白,アンコモン,5,50,34,./card_img/soi/161354.jpg
564,SOI,Silverstrike,サポート,白,アンコモン,9,50,25,./card_img/soi/161644.jpg
565,SOI,Drogskol Cavalry,クリーチャー,白,レア,13,500,45,./card_img/soi/161537.jpg
566,SOI,Hanweir Militia Captain,クリーチャー,白,レア,12,500,21,./card_img/soi/161428.jpg
567,SOI,Westvale Cult Leader,クリーチャー,白,レア,1,500,50,./card_img/soi/161371.jpg
568,SOI,Thalia's Lieutenant,クリーチャー,白,レア,13,500,31,./card_img/soi/161362.jpg
569,SOI,Declaration in Stone,呪文,白,レア,10,500,10,./card_img/soi/161412.jpg
570,SOI,Always Watching,サポート,白,レア,11,500,34,./card_img/soi/161718.jpg
571,SOI,Angel of Deliverance,クリーチャー,白,神話レア,16,1000,44,./card_img/soi/161433.jpg
572,SOI,Archangel Avacyn,クリーチャー,白,神話レア,18,1000,29,./card_img/soi/161350.jpg
573,SOI,Avacyn the Purifier,クリーチャー,白,神話レア,1,1000,16,./card_img/soi/161351.jpg
574,SOI,Odric Lunarch Marshal,クリーチャー,白,神話レア,24,1000,5,./card_img/soi/161447.jpg
575,SOI,Descend upon the Sinful,呪文,白,神話レア,12,1000,37,./card_img/soi/161667.jpg
576,SOI,Drownyard Explorers,クリーチャー,青,コモン,6,10,41,./card_img/soi/161645.jpg
577,SOI,Lamplighter of Selhoff,クリーチャー,青,コモン,3,10,17,./card_img/soi/161405.jpg
578,SOI,Seagraf Skaab,クリーチャー,青,コモン,5,10,46,./card_img/soi/161383.jpg
579,SOI,Silburlind Snapper,クリーチャー,青,コモン,11,10,37,./card_img/soi/161494.jpg
580,SOI,Stitched Mangler,クリーチャー,青,コモン,5,10,5,./card_img/soi/161705.jpg
581,SOI,Stormrider Spirit,クリーチャー,青,コモン,6,10,8,./card_img/soi/161369.jpg
582,SOI,Catalog,呪文,青,コモン,4,10,22,./card_img/soi/161366.jpg
583,SOI,Ghostly Wings,呪文,青,コモン,3,10,50,./card_img/soi/161655.jpg
584,SOI,Gone Missing,呪文,青,コモン,11,10,22,./card_img/soi/161764.jpg
585,SOI,Just the Wind,呪文,青,コモン,10,10,49,./card_img/soi/161419.jpg
586,SOI,Nagging Thoughts,呪文,青,コモン,7,10,41,./card_img/soi/161452.jpg
587,SOI,Pieces of the Puzzle,呪文,青,コモン,8,10,9,./card_img/soi/161367.jpg
588,SOI,Vessel of Paramnesia,サポート,青,コモン,3,10,6,./card_img/soi/161702.jpg
589,SOI,Aberrant Researcher,クリーチャー,青,アンコモン,8,50,18,./card_img/soi/161416.jpg
590,SOI,Perfected Form,クリーチャー,青,アンコモン,1,50,4,./card_img/soi/161415.jpg
591,SOI,Daring Sleuth,クリーチャー,青,アンコモン,5,50,24,./card_img/soi/161665.jpg
592,SOI,Bearer of Overwhelming Truths,クリーチャー,青,アンコモン,1,50,3,./card_img/soi/161663.jpg
593,SOI,Drunau Corpse Trawler,クリーチャー,青,アンコモン,12,50,30,./card_img/soi/161706.jpg
594,SOI,Stitchwing Skaab,クリーチャー,青,アンコモン,7,50,34,./card_img/soi/161630.jpg
595,SOI,Uninvited Geist,クリーチャー,青,アンコモン,13,50,20,./card_img/soi/161381.jpg
596,SOI,Unimpeded Trespasser,クリーチャー,青,アンコモン,1,50,35,./card_img/soi/161496.jpg
597,SOI,Broken Concentration,呪文,青,アンコモン,8,50,46,./card_img/soi/161464.jpg
598,SOI,Pore Over the Pages,呪文,青,アンコモン,9,50,5,./card_img/soi/161619.jpg
599,SOI,Rise from the Tides,呪文,青,アンコモン,15,50,32,./card_img/soi/161382.jpg
600,SOI,Ongoing Investigation,サポート,青,アンコモン,12,50,45,./card_img/soi/161766.jpg
601,SOI,Trail of Evidence,サポート,青,アンコモン,6,50,40,./card_img/soi/161725.jpg
602,SOI,Forgotten Creation,クリーチャー,青,レア,10,500,17,./card_img/soi/161745.jpg
603,SOI,Nephalia Moondrakes,クリーチャー,青,レア,11,500,19,./card_img/soi/161761.jpg
604,SOI,Welcome to the Fold,呪文,青,レア,11,500,10,./card_img/soi/161753.jpg
605,SOI,Geralf's Masterpiece,クリーチャー,青,神話レア,7,1000,30,./card_img/soi/161730.jpg
606,SOI,Rattlechains,クリーチャー,青,神話レア,18,1000,36,./card_img/soi/161363.jpg
607,SOI,Startled Awake,クリーチャー,青,神話レア,6,1000,23,./card_img/soi/161484.jpg
608,SOI,Persistent Nightmare,クリーチャー,青,神話レア,1,1000,29,./card_img/soi/161365.jpg
609,SOI,Thing in the Ice,クリーチャー,青,神話レア,4,1000,15,./card_img/soi/161407.jpg
610,SOI,Awoken Horror,クリーチャー,青,神話レア,1,1000,11,./card_img/soi/161411.jpg
611,SOI,Engulf the Shore,呪文,青,神話レア,18,1000,38,./card_img/soi/161717.jpg
612,SOI,Crow of Dark Tidings,クリーチャー,黒,コモン,6,10,40,./card_img/soi/161461.jpg
613,SOI,Farbog Revenant,クリーチャー,黒,コモン,10,10,21,./card_img/soi/161760.jpg
614,SOI,Ghoulcaller's Accomplice,クリーチャー,黒,コモン,10,10,43,./card_img/soi/161397.jpg
615,SOI,Hound of the Farbogs,クリーチャー,黒,コモン,9,10,37,./card_img/soi/161408.jpg
616,SOI,Sanitarium Skeleton,クリーチャー,黒,コモン,9,10,2,./card_img/soi/161743.jpg
617,SOI,Twins of Maurer Estate,クリーチャー,黒,コモン,12,10,36,./card_img/soi/161650.jpg
618,SOI,Vampire Noble,クリーチャー,黒,コモン,8,10,38,./card_img/soi/161493.jpg
619,SOI,Grotesque Mutation,呪文,黒,コモン,4,10,37,./card_img/soi/162155.jpg
620,SOI,Macabre Waltz,呪文,黒,コモン,6,10,48,./card_img/soi/161648.jpg
621,SOI,Shamble Back,呪文,黒,コモン,7,10,6,./card_img/soi/161606.jpg
622,SOI,Throttle,呪文,黒,コモン,7,10,3,./card_img/soi/161621.jpg
623,SOI,Accursed Witch,クリーチャー,黒,アンコモン,11,50,24,./card_img/soi/161775.jpg
624,SOI,Ghoulsteed,クリーチャー,黒,アンコモン,9,50,7,./card_img/soi/161642.jpg
625,SOI,Heir of Falkenrath,クリーチャー,黒,アンコモン,7,50,19,./card_img/soi/161456.jpg
626,SOI,Heir to the Night,クリーチャー,黒,アンコモン,1,50,15,./card_img/soi/161370.jpg
627,SOI,Indulgent Aristocrat,クリーチャー,黒,アンコモン,12,50,42,./card_img/soi/161488.jpg
628,SOI,Kindly Stranger,クリーチャー,黒,アンコモン,10,50,30,./card_img/soi/161422.jpg
629,SOI,Demon-Possessed Witch,クリーチャー,黒,アンコモン,1,50,35,./card_img/soi/161377.jpg
630,SOI,Morkrut Necropod,クリーチャー,黒,アンコモン,9,50,43,./card_img/soi/161434.jpg
631,SOI,Pale Rider of Trostad,クリーチャー,黒,アンコモン,12,50,18,./card_img/soi/161759.jpg
632,SOI,Call the Bloodline,サポート,黒,アンコモン,6,50,26,./card_img/soi/161671.jpg
633,SOI,Creeping Dread,サポート,黒,アンコモン,14,50,33,./card_img/soi/161390.jpg
634,SOI,Diregraf Colossus,クリーチャー,黒,レア,10,500,39,./card_img/soi/161495.jpg
635,SOI,Elusive Tormentor,クリーチャー,黒,レア,12,500,14,./card_img/soi/162024.jpg
636,SOI,Insidious Mist,クリーチャー,黒,レア,1,500,43,./card_img/soi/162023.jpg
637,SOI,Ever After,呪文,黒,レア,13,500,27,./card_img/soi/161731.jpg
638,SOI,From Under the Floorboards,呪文,黒,レア,7,500,28,./card_img/soi/161609.jpg
639,SOI,To the Slaughter,呪文,黒,レア,5,500,33,./card_img/soi/161742.jpg
640,SOI,Mindwrack Demon,クリーチャー,黒,神話レア,8,1000,8,./card_img/soi/161429.jpg
641,SOI,Relentless Dead,クリーチャー,黒,神話レア,14,1000,29,./card_img/soi/161486.jpg
642,SOI,Behold the Beyond,呪文,黒,神話レア,15,1000,7,./card_img/soi/161345.jpg
643,SOI,Bloodmad Vampire,クリーチャー,赤,コモン,16,10,13,./card_img/soi/161689.jpg
644,SOI,Convicted Killer,クリーチャー,赤,コモン,11,10,1,./card_img/soi/161491.jpg
645,SOI,Branded Howler,クリーチャー,赤,コモン,1,10,32,./card_img/soi/161490.jpg
646,SOI,Gatstaf Arsonists,クリーチャー,赤,コモン,9,10,33,./card_img/soi/161348.jpg
647,SOI,Gatstaf Ravagers,クリーチャー,赤,コモン,1,10,24,./card_img/soi/161477.jpg
648,SOI,Hulking Devil,クリーチャー,赤,コモン,11,10,4,./card_img/soi/161709.jpg
649,SOI,Pyre Hound,クリーチャー,赤,コモン,6,10,49,./card_img/soi/161682.jpg
650,SOI,Sanguinary Mage,クリーチャー,赤,コモン,12,10,40,./card_img/soi/161475.jpg
651,SOI,Dual Shot,呪文,赤,コモン,4,10,46,./card_img/soi/161711.jpg
652,SOI,Rush of Adrenaline,呪文,赤,コモン,3,10,10,./card_img/soi/161694.jpg
653,SOI,Senseless Rage,呪文,赤,コモン,10,10,45,./card_img/soi/161769.jpg
654,SOI,Tormenting Voice,呪文,赤,コモン,6,10,7,./card_img/soi/161482.jpg
655,SOI,Uncaged Fury,呪文,赤,コモン,5,10,6,./card_img/soi/161616.jpg
656,SOI,Vessel of Volatility,サポート,赤,コモン,3,10,0,./card_img/soi/161693.jpg
657,SOI,Breakneck Rider,クリーチャー,赤,アンコモン,8,50,42,./card_img/soi/161358.jpg
658,SOI,Neck Breaker,クリーチャー,赤,アンコモン,1,50,17,./card_img/soi/161439.jpg
659,SOI,Gibbering Fiend,クリーチャー,赤,アンコモン,7,50,18,./card_img/soi/161707.jpg
660,SOI,Kessig Forgemaster,クリーチャー,赤,アンコモン,13,50,14,./card_img/soi/161676.jpg
661,SOI,Flameheart Werewolf,クリーチャー,赤,アンコモン,1,50,43,./card_img/soi/161622.jpg
662,SOI,Mad Prophet,クリーチャー,赤,アンコモン,8,50,16,./card_img/soi/161726.jpg
663,SOI,Village Messenger,クリーチャー,赤,アンコモン,8,50,8,./card_img/soi/161492.jpg
664,SOI,Moonrise Intruder,クリーチャー,赤,アンコモン,1,50,6,./card_img/soi/161417.jpg
665,SOI,Inner Struggle,呪文,赤,アンコモン,6,50,41,./card_img/soi/161692.jpg
666,SOI,Lightning Axe,呪文,赤,アンコモン,3,50,12,./card_img/soi/161424.jpg
667,SOI,Malevolent Whispers,呪文,赤,アンコモン,5,50,18,./card_img/soi/161378.jpg
668,SOI,Stensia Masquerade,呪文,赤,アンコモン,11,50,12,./card_img/soi/161638.jpg
669,SOI,Falkenrath Gorger,クリーチャー,赤,レア,13,500,49,./card_img/soi/161356.jpg
670,SOI,Flameblade Angel,クリーチャー,赤,レア,11,500,39,./card_img/soi/161681.jpg
671,SOI,Scourge Wolf,クリーチャー,赤,レア,8,500,23,./card_img/soi/161501.jpg
672,SOI,Avacyn's Judgement,呪文,赤,レア,9,500,40,./card_img/soi/161600.jpg
673,SOI,Devil's Playground,呪文,赤,レア,4,500,33,./card_img/soi/161379.jpg
674,SOI,Goldnight Castigator,クリーチャー,赤,神話レア,8,1000,44,./card_img/soi/161661.jpg
675,SOI,Geier Reach Bandit,クリーチャー,赤,神話レア,12,1000,11,./card_img/soi/161425.png
676,SOI,Vildin-Pack Alpha,クリーチャー,赤,神話レア,1,1000,44,./card_img/soi/161426.png
677,SOI,Wolf of Devil's Breach,クリーチャー,赤,神話レア,18,1000,12,./card_img/soi/161686.jpg
678,SOI,Harness the Storm,サポート,赤,神話レア,12,1000,29,./card_img/soi/161473.jpg
679,SOI,Byway Courier,クリーチャー,緑,コモン,7,10,50,./card_img/soi/161756.jpg
680,SOI,Hinterland Logger,クリーチャー,緑,コモン,12,10,1,./card_img/soi/161483.jpg
681,SOI,Timber Shredder,クリーチャー,緑,コモン,1,10,2,./card_img/soi/161480.jpg
682,SOI,Intrepid Provisioner,クリーチャー,緑,コモン,9,10,39,./card_img/soi/161626.jpg
683,SOI,Kessig Dire Swine,クリーチャー,緑,コモン,24,10,5,./card_img/soi/161421.jpg
684,SOI,Moldgraf Scavenger,クリーチャー,緑,コモン,8,10,45,./card_img/soi/161500.jpg
685,SOI,Quilled Wolf,クリーチャー,緑,コモン,6,10,38,./card_img/soi/161455.jpg
686,SOI,Solitary Hunter,クリーチャー,緑,コモン,15,10,23,./card_img/soi/161470.jpg
687,SOI,One of the Pack,クリーチャー,緑,コモン,1,10,0,./card_img/soi/161453.jpg
688,SOI,Watcher in the Web,クリーチャー,緑,コモン,14,10,4,./card_img/soi/161701.jpg
689,SOI,Aim High,呪文,緑,コモン,6,10,28,./card_img/soi/161342.jpg
690,SOI,Might Beyond Reason,呪文,緑,コモン,8,10,19,./card_img/soi/161386.jpg
691,SOI,Root Out,呪文,緑,コモン,10,10,29,./card_img/soi/161846.jpg
692,SOI,Equestrian Skill,サポート,緑,コモン,10,10,26,./card_img/soi/161735.jpg
693,SOI,Vessel of Nascency,サポート,緑,コモン,4,10,38,./card_img/soi/161690.jpg
694,SOI,Briarbridge Patrol,クリーチャー,緑,アンコモン,16,50,46,./card_img/soi/161637.jpg
695,SOI,Duskwatch Recruiter,クリーチャー,緑,アンコモン,19,50,44,./card_img/soi/161733.jpg
696,SOI,Krallenhorde Howler,クリーチャー,緑,アンコモン,1,50,0,./card_img/soi/161732.jpg
697,SOI,Gloomwidow,クリーチャー,緑,アンコモン,14,50,48,./card_img/soi/142208.jpg
698,SOI,Hermit of the Natterknolls,クリーチャー,緑,アンコモン,18,50,35,./card_img/soi/161734.jpg
699,SOI,Lone Wolf of the Natterknolls,クリーチャー,緑,アンコモン,1,50,16,./card_img/soi/161625.jpg
700,SOI,Lambholt Pacifist,クリーチャー,緑,アンコモン,11,50,40,./card_img/soi/161620.jpg
701,SOI,Lambholt Butcher,クリーチャー,緑,アンコモン,1,50,36,./card_img/soi/161698.jpg
702,SOI,Obsessive Skinner,クリーチャー,緑,アンコモン,7,50,27,./card_img/soi/161445.jpg
703,SOI,Veteran Cathar,クリーチャー,緑,アンコモン,9,50,9,./card_img/soi/161615.jpg
704,SOI,Howlpack Resurgence,サポート,緑,アンコモン,3,50,48,./card_img/soi/161677.jpg
705,SOI,Ulvenwald Mysteries,サポート,緑,アンコモン,6,50,24,./card_img/soi/161710.jpg
706,SOI,Weirding Wood,サポート,緑,アンコモン,5,50,26,./card_img/soi/161612.jpg
707,SOI,Deathcap Cultivator,クリーチャー,緑,レア,9,500,2,./card_img/soi/161441.jpg
708,SOI,Inexorable Blob,クリーチャー,緑,レア,11,500,38,./card_img/soi/161631.jpg
709,SOI,Sage of Ancient Lore,クリーチャー,緑,レア,16,500,10,./card_img/soi/161747.jpg
710,SOI,Werewolf of Ancient Hunger,クリーチャー,緑,レア,1,500,13,./card_img/soi/161697.jpg
711,SOI,Silverfur Partisan,クリーチャー,緑,レア,13,500,5,./card_img/soi/161498.jpg
712,SOI,Cryptolith Rite,サポート,緑,レア,5,500,27,./card_img/soi/161364.jpg
713,SOI,Soul Swallower,クリーチャー,緑,神話レア,10,1000,36,./card_img/soi/161632.jpg
714,SOI,Ulvenwald Hydra,クリーチャー,緑,神話レア,14,1000,3,./card_img/soi/161398.jpg
715,SOI,Seasons Past,呪文,緑,神話レア,20,1000,2,./card_img/soi/161400.jpg
716,SOI,Prized Amalgam,クリーチャー,青黒,レア,10,500,49,./card_img/soi/161646.jpg
717,SOI,Altered Ego,呪文,緑青,レア,12,500,19,./card_img/soi/161430.jpg
718,SOI,Anguished Unmaking,呪文,白黒,レア,12,500,16,./card_img/soi/161602.jpg
719,SOI,Invocation of Saint Traft,呪文,白青,レア,12,500,3,./card_img/soi/161628.jpg
720,SOI,Fevered Visions,サポート,青赤,レア,6,500,45,./card_img/soi/161349.jpg
721,SOI,Olivia Mobilized for War,クリーチャー,黒赤,神話レア,20,1000,25,./card_img/soi/161449.jpg
722,SOI,Sigarda Heron's Grace,クリーチャー,緑白,神話レア,15,1000,8,./card_img/soi/161466.jpg
723,SOI,Epitaph Golem,クリーチャー,無,コモン,15,10,29,./card_img/soi/161481.jpg
724,SOI,Wicker Witch,クリーチャー,無,コモン,5,10,7,./card_img/soi/161474.jpg
725,SOI,Wild-Field Scarecrow,クリーチャー,無,コモン,6,10,19,./card_img/soi/161389.jpg
726,SOI,Murderer's Axe,呪文,無,コモン,5,10,18,./card_img/soi/161699.jpg
727,SOI,Shard of Broken Glass,呪文,無,コモン,1,10,44,./card_img/soi/161359.jpg
728,SOI,Skeleton Key,呪文,無,コモン,11,10,9,./card_img/soi/161467.jpg
729,SOI,Explosive Apparatus,サポート,無,コモン,1,10,30,./card_img/soi/161395.jpg
730,SOI,Forsaken Sanctuary,サポート,無,コモン,11,10,38,./card_img/soi/161341.jpg
731,SOI,Foul Orchard,サポート,無,コモン,11,10,12,./card_img/soi/161394.jpg
732,SOI,Highland Lake,サポート,無,コモン,11,10,29,./card_img/soi/161343.jpg
733,SOI,Stone Quarry,サポート,無,コモン,11,10,15,./card_img/soi/161472.jpg
734,SOI,True-Faith Censer,サポート,無,コモン,4,10,6,./card_img/soi/161457.jpg
735,SOI,Woodland Stream,サポート,無,コモン,11,10,45,./card_img/soi/161499.jpg
736,SOI,Harvest Hand,クリーチャー,無,アンコモン,13,50,34,./card_img/soi/161448.jpg
737,SOI,Runaway Carriage,クリーチャー,無,アンコモン,10,50,3,./card_img/soi/161658.jpg
738,SOI,Thraben Gargoyle,クリーチャー,無,アンコモン,9,50,15,./card_img/soi/161729.jpg
739,SOI,Stonewing Antagonizer,クリーチャー,無,アンコモン,1,50,35,./card_img/soi/161768.jpg
740,SOI,Choked Estuary,サポート,無,アンコモン,10,50,1,./card_img/soi/161435.jpg
741,SOI,Foreboding Ruins,サポート,無,アンコモン,10,50,18,./card_img/soi/161594.jpg
742,SOI,Fortified Village,サポート,無,アンコモン,10,50,20,./card_img/soi/161393.jpg
743,SOI,Game Trail,サポート,無,アンコモン,10,50,42,./card_img/soi/161420.jpg
744,SOI,Magnifying Glass,サポート,無,アンコモン,5,50,18,./card_img/soi/161633.jpg
745,SOI,Neglected Heirloom,サポート,無,アンコモン,7,50,40,./card_img/soi/161402.jpg
746,SOI,Port Town,サポート,無,アンコモン,10,50,34,./card_img/soi/161438.jpg
747,SOI,Westvale Abbey,クリーチャー,無,レア,15,500,45,./card_img/soi/161373.jpg
748,SOI,Ormendahl Profane Prince,クリーチャー,無,レア,1,500,31,./card_img/soi/161450.jpg
749,SOI,Haunted Cloak,呪文,無,レア,1,500,33,./card_img/soi/161773.jpg
750,SOI,Slayer's Plate,サポート,無,レア,9,500,2,./card_img/soi/161618.jpg
751,SOI,Brain in a Jar,サポート,無,レア,8,500,3,./card_img/soi/161357.jpg
752,SOI,Corrupted Grafstone,サポート,無,レア,7,500,43,./card_img/soi/161392.jpg
753,SOI,Drownyard Temple,サポート,無,レア,9,500,8,./card_img/soi/161849.jpg
754,SOI,Tamiyo's Journal,サポート,無,レア,5,500,29,./card_img/soi/161595.jpg
755,EMN,Give No Ground,呪文,白,アンコモン,4,50,35,./card_img/
756,EMN,Subjugator Angel,クリーチャー,白,アンコモン,8,50,42,./card_img/
757,EMN,Lone Rider,クリーチャー,白,アンコモン,4,50,2,./card_img/
758,EMN,It That Rides as One,クリーチャー,白,アンコモン,1,50,16,./card_img/
759,EMN,Extricator of Sin,クリーチャー,白,アンコモン,15,50,32,./card_img/
760,EMN,Extricator of Flesh,クリーチャー,白,アンコモン,1,50,44,./card_img/
761,EMN,Thalia Heretic Cathar,クリーチャー,白,レア,15,500,39,./card_img/
762,EMN,Sanctifier of Souls,クリーチャー,白,レア,7,500,36,./card_img/
763,EMN,Selfless Spirit,クリーチャー,白,レア,10,500,30,./card_img/
764,EMN,Bruna the Fading Light,クリーチャー,白,レア,18,500,4,./card_img/
765,EMN,Gisela the Broken Blade,クリーチャー,白,神話レア,12,1000,21,./card_img/
766,EMN,Brisela Voice of Nightmares,クリーチャー,白,神話レア,1,1000,43,./card_img/
767,EMN,Deploy the Gatewatch,呪文,白,神話レア,23,1000,29,./card_img/
768,EMN,Advanced Stitchwing,クリーチャー,青,アンコモン,10,50,20,./card_img/
769,EMN,Curious Homunculus,クリーチャー,青,アンコモン,14,50,1,./card_img/
770,EMN,Voracious Reader,クリーチャー,青,アンコモン,1,50,27,./card_img/
771,EMN,Chilling Grasp,呪文,青,アンコモン,4,50,40,./card_img/
772,EMN,Nebelgast Herald,クリーチャー,青,アンコモン,9,50,8,./card_img/
773,EMN,Docent of Perfection,クリーチャー,青,レア,9,500,3,./card_img/
774,EMN,Final Iteration,クリーチャー,青,レア,1,500,31,./card_img/
775,EMN,Niblis of Frost,クリーチャー,青,レア,7,500,34,./card_img/
776,EMN,Imprisoned in the Moon,呪文,青,レア,3,500,43,./card_img/
777,EMN,Wharf Infiltrator,クリーチャー,青,レア,13,500,1,./card_img/
778,EMN,Mind's Dilation,サポート,青,神話レア,8,1000,48,./card_img/
779,EMN,Graf Rats,クリーチャー,黒,アンコモン,10,50,10,./card_img/
780,EMN,Midnight Scavengers,クリーチャー,黒,アンコモン,10,50,46,./card_img/
781,EMN,Chittering Host,クリーチャー,黒,アンコモン,1,50,3,./card_img/
782,EMN,Whispers of Emrakul,呪文,黒,アンコモン,3,50,5,./card_img/
783,EMN,Graf Harvest,サポート,黒,アンコモン,11,50,17,./card_img/
784,EMN,Ruthless Disposal,呪文,黒,アンコモン,10,50,46,./card_img/
785,EMN,Voldaren Pariah,クリーチャー,黒,レア,14,500,16,./card_img/
786,EMN,Abolisher of Bloodlines,クリーチャー,黒,レア,1,500,28,./card_img/
787,EMN,Noosegraf Mob,クリーチャー,黒,レア,9,500,43,./card_img/
788,EMN,Stromkirk Condemned,クリーチャー,黒,レア,14,500,17,./card_img/
789,EMN,Oath of Liliana,サポート,黒,レア,11,500,32,./card_img/
790,EMN,Tree of Perdition,クリーチャー,黒,神話レア,18,1000,40,./card_img/
791,EMN,Conduit of Storms,クリーチャー,赤,アンコモン,15,50,47,./card_img/
792,EMN,Conduit of Emrakul,クリーチャー,赤,アンコモン,1,50,8,./card_img/
793,EMN,Furyblade Vampire,クリーチャー,赤,アンコモン,10,50,11,./card_img/
794,EMN,Weaver of Lightning,クリーチャー,赤,アンコモン,15,50,29,./card_img/
795,EMN,Shreds of Sanity,呪文,赤,アンコモン,4,50,38,./card_img/
796,EMN,Smoldering Werewolf,クリーチャー,赤,アンコモン,14,50,8,./card_img/
797,EMN,Erupting Dreadwolf,クリーチャー,赤,アンコモン,1,50,6,./card_img/
798,EMN,Assembled Alphas,クリーチャー,赤,レア,17,500,25,./card_img/
799,EMN,Impetuous Devils,クリーチャー,赤,レア,3,500,10,./card_img/
800,EMN,Bedlam Reveler,クリーチャー,赤,レア,13,500,47,./card_img/
801,EMN,Hanweir Garrison,クリーチャー,赤,レア,15,500,2,./card_img/
802,EMN,Hanweir Battlements,クリーチャー,赤,レア,17,500,15,./card_img/
803,EMN,Hanweir the Writhing Township,クリーチャー,赤,レア,1,500,27,./card_img/
804,EMN,Mirrorwing Dragon,クリーチャー,赤,神話レア,20,1000,23,./card_img/
805,EMN,Nahiri's Wrath,呪文,赤,神話レア,8,1000,21,./card_img/
806,EMN,Kessig Prowler,クリーチャー,緑,アンコモン,8,50,5,./card_img/
807,EMN,Sinuous Predator,クリーチャー,緑,アンコモン,1,50,2,./card_img/
808,EMN,Foul Emissary,クリーチャー,緑,アンコモン,7,50,14,./card_img/
809,EMN,Tangleclaw Werewolf,クリーチャー,緑,アンコモン,11,50,39,./card_img/
810,EMN,Fibrous Entangler,クリーチャー,緑,アンコモン,1,50,14,./card_img/
811,EMN,Shrill Howler,クリーチャー,緑,アンコモン,15,50,5,./card_img/
812,EMN,Howling Chorus,クリーチャー,緑,アンコモン,1,50,41,./card_img/
813,EMN,Gnarlwood Dryad,クリーチャー,緑,アンコモン,12,50,49,./card_img/
814,EMN,Ulvenwald Observer,クリーチャー,緑,レア,14,500,39,./card_img/
815,EMN,Emrakul's Evangel,クリーチャー,緑,レア,13,500,39,./card_img/
816,EMN,Spirit of the Hunt,クリーチャー,緑,レア,18,500,48,./card_img/
817,EMN,Ishkanah Grafwidow,クリーチャー,緑,神話レア,21,1000,33,./card_img/
818,EMN,Campaign of Vengeance,サポート,白黒,アンコモン,8,50,11,./card_img/
819,EMN,Gisa and Geralf,クリーチャー,青黒,神話レア,14,1000,21,./card_img/
820,EMN,Mercurial Geists,クリーチャー,青赤,アンコモン,10,50,23,./card_img/
821,EMN,Mournwillow,クリーチャー,黒緑,アンコモン,16,50,28,./card_img/
822,EMN,Grim Flayer,クリーチャー,黒緑,神話レア,11,1000,49,./card_img/
823,EMN,Ulrich of the Krallenhorde,クリーチャー,赤緑,神話レア,18,1000,12,./card_img/
824,EMN,Ulrich Uncontested Alpha,クリーチャー,赤緑,神話レア,2,1000,15,./card_img/
825,EMN,Heron's Grace Champion,クリーチャー,緑白,レア,16,500,28,./card_img/
826,EMN,Lashweed Lurker,クリーチャー,無,アンコモン,14,50,39,./card_img/
827,EMN,Mockery of Nature,クリーチャー,無,アンコモン,16,50,28,./card_img/
828,EMN,Drownyard Behemoth,クリーチャー,無,アンコモン,16,50,24,./card_img/
829,EMN,Abundant Maw,クリーチャー,無,アンコモン,23,50,21,./card_img/
830,EMN,Vexing Scuttler,クリーチャー,無,アンコモン,14,50,4,./card_img/
831,EMN,Eternal Scourge,クリーチャー,無,レア,12,500,43,./card_img/
832,EMN,Elder Deep-Fiend,クリーチャー,無,レア,19,500,27,./card_img/
833,EMN,Distended Mindbender,クリーチャー,無,レア,16,500,18,./card_img/
834,EMN,Decimator of the Provinces,クリーチャー,無,神話レア,21,1000,45,./card_img/
835,EMN,Emrakul the Promised End,クリーチャー,無,神話レア,20,1000,45,./card_img/
836,KLD,Aviary Mechanic,クリーチャー,白,コモン,1,10,31,./card_img/
837,KLD,Eddytrail Hawk,クリーチャー,白,コモン,6,10,29,./card_img/
838,KLD,Glint-Sleeve Artisan,クリーチャー,白,コモン,5,10,20,./card_img/
839,KLD,Herald of the Fair,クリーチャー,白,コモン,7,10,39,./card_img/
840,KLD,Ninth Bridge Patrol,クリーチャー,白,コモン,7,10,50,./card_img/
841,KLD,Propeller Pioneer,クリーチャー,白,コモン,5,10,11,./card_img/
842,KLD,Thriving Ibex,クリーチャー,白,コモン,7,10,22,./card_img/
843,KLD,Built to Last,呪文,白,コモン,2,10,25,./card_img/
844,KLD,Fragmentize,呪文,白,コモン,8,10,13,./card_img/
845,KLD,Pressure Point,呪文,白,コモン,7,10,48,./card_img/
846,KLD,Aerial Responder,クリーチャー,白,アンコモン,12,50,15,./card_img/
847,KLD,Consul's Shieldguard,クリーチャー,白,アンコモン,11,50,46,./card_img/
848,KLD,Gearshift Ace,クリーチャー,白,アンコモン,11,50,18,./card_img/
849,KLD,Visionary Augmenter,クリーチャー,白,アンコモン,6,50,25,./card_img/
850,KLD,Skywhaler's Shot,呪文,白,アンコモン,13,50,38,./card_img/
851,KLD,Consulate Surveillance,サポート,白,アンコモン,5,50,38,./card_img/
852,KLD,Master Trinketeer,クリーチャー,白,レア,15,500,33,./card_img/
853,KLD,Toolcraft Exemplar,クリーチャー,白,レア,16,500,3,./card_img/
854,KLD,Fumigate,呪文,白,レア,16,500,32,./card_img/
855,KLD,Refurbish,呪文,白,レア,10,500,7,./card_img/
856,KLD,Authority of the Consuls,サポート,白,レア,7,500,30,./card_img/
857,KLD,Captured by the Consulate,サポート,白,レア,16,500,33,./card_img/
858,KLD,Aetherstorm Roc,クリーチャー,白,神話レア,14,1000,0,./card_img/
859,KLD,Angel of Invention,クリーチャー,白,神話レア,18,1000,9,./card_img/
860,KLD,Cataclysmic Gearhulk,クリーチャー,白,神話レア,24,1000,16,./card_img/
861,KLD,Aether Theorist,クリーチャー,青,コモン,9,10,46,./card_img/
862,KLD,Gearseeker Serpent,クリーチャー,青,コモン,6,10,49,./card_img/
863,KLD,Hightide Hermit,クリーチャー,青,コモン,15,10,8,./card_img/
864,KLD,Nimble Innovator,クリーチャー,青,コモン,7,10,32,./card_img/
865,KLD,Thriving Turtle,クリーチャー,青,コモン,11,10,5,./card_img/
866,KLD,Vedalken Blademaster,クリーチャー,青,コモン,7,10,21,./card_img/
867,KLD,Weldfast Wingsmith,クリーチャー,青,コモン,5,10,33,./card_img/
868,KLD,Wind Drake,クリーチャー,青,コモン,6,10,13,./card_img/
869,KLD,Aether Tradewinds,呪文,青,コモン,6,10,32,./card_img/
870,KLD,Revolutionary Rebuff,呪文,青,コモン,6,10,28,./card_img/
871,KLD,Tezzeret's Ambition,呪文,青,コモン,6,10,22,./card_img/
872,KLD,Experimental Aviator,クリーチャー,青,アンコモン,10,50,27,./card_img/
873,KLD,Glint-Nest Crane,クリーチャー,青,アンコモン,9,50,21,./card_img/
874,KLD,Janjeet Sentry,クリーチャー,青,アンコモン,9,50,34,./card_img/
875,KLD,Long-Finned Skywhale,クリーチャー,青,アンコモン,9,50,33,./card_img/
876,KLD,Minister of Inquiries,クリーチャー,青,アンコモン,12,50,30,./card_img/
877,KLD,Aether Meltdown,呪文,青,アンコモン,8,50,21,./card_img/
878,KLD,Glimmer of Genius,呪文,青,アンコモン,5,50,8,./card_img/
879,KLD,Aethersquall Ancient,クリーチャー,青,レア,18,500,27,./card_img/
880,KLD,Confiscation Coup,呪文,青,レア,15,500,33,./card_img/
881,KLD,Paradoxical Outcome,呪文,青,レア,20,500,41,./card_img/
882,KLD,Saheeli's Artistry,呪文,青,レア,11,500,13,./card_img/
883,KLD,Era of Innovation,サポート,青,レア,5,500,42,./card_img/
884,KLD,Insidious Will,サポート,青,レア,6,500,5,./card_img/
885,KLD,Padeem Consul of Innovation,クリーチャー,青,神話レア,11,1000,3,./card_img/
886,KLD,Torrential Gearhulk,クリーチャー,青,神話レア,24,1000,41,./card_img/
887,KLD,Metallurgic Summonings,サポート,青,神話レア,11,1000,25,./card_img/
888,KLD,Ambitious Aetherborn,クリーチャー,黒,コモン,5,10,7,./card_img/
889,KLD,Dukhara Scavenger,クリーチャー,黒,コモン,10,10,9,./card_img/
890,KLD,Foundry Screecher,クリーチャー,黒,コモン,7,10,9,./card_img/
891,KLD,Lawless Broker,クリーチャー,黒,コモン,11,10,5,./card_img/
892,KLD,Maulfist Squad,クリーチャー,黒,コモン,8,10,27,./card_img/
893,KLD,Night Market Lookout,クリーチャー,黒,コモン,11,10,7,./card_img/
894,KLD,Thriving Rats,クリーチャー,黒,コモン,8,10,30,./card_img/
895,KLD,Die Young,呪文,黒,コモン,5,10,36,./card_img/
896,KLD,Live Fast,呪文,黒,コモン,4,10,40,./card_img/
897,KLD,Rush of Vitality,呪文,黒,コモン,4,10,35,./card_img/
898,KLD,Tidy Conclusion,呪文,黒,コモン,10,10,28,./card_img/
899,KLD,Aetherborn Marauder,クリーチャー,黒,アンコモン,20,50,40,./card_img/
900,KLD,Fretwork Colony,クリーチャー,黒,アンコモン,4,50,27,./card_img/
901,KLD,Weaponcraft Enthusiast,クリーチャー,黒,アンコモン,9,50,36,./card_img/
902,KLD,Essence Extraction,呪文,黒,アンコモン,9,50,4,./card_img/
903,KLD,Make Obsolete,呪文,黒,アンコモン,6,50,35,./card_img/
904,KLD,Morbid Curiosity,呪文,黒,アンコモン,12,50,4,./card_img/
905,KLD,Gonti Lord of Luxury,クリーチャー,黒,レア,18,500,16,./card_img/
906,KLD,Ovalchase Daredevil,クリーチャー,黒,レア,12,500,32,./card_img/
907,KLD,Eliminate the Competition,呪文,黒,レア,1,500,17,./card_img/
908,KLD,Lost Legacy,呪文,黒,レア,12,500,25,./card_img/
909,KLD,Midnight Oil,サポート,黒,レア,11,500,11,./card_img/
910,KLD,Underhanded Designs,サポート,黒,レア,7,500,24,./card_img/
911,KLD,Demon of Dark Schemes,クリーチャー,黒,神話レア,21,1000,23,./card_img/
912,KLD,Marionette Master,クリーチャー,黒,神話レア,15,1000,34,./card_img/
913,KLD,Noxious Gearhulk,クリーチャー,黒,神話レア,18,1000,6,./card_img/
914,KLD,Syndicate Trafficker,クリーチャー,黒,神話レア,8,1000,48,./card_img/
915,KLD,Reckless Fireweaver,クリーチャー,赤,コモン,12,10,19,./card_img/
916,KLD,Ruinous Gremlin,クリーチャー,赤,コモン,9,10,6,./card_img/
917,KLD,Salivating Gremlins,クリーチャー,赤,コモン,5,10,14,./card_img/
918,KLD,Spireside Infiltrator,クリーチャー,赤,コモン,11,10,38,./card_img/
919,KLD,Spontaneous Artist,クリーチャー,赤,コモン,6,10,36,./card_img/
920,KLD,Thriving Grubs,クリーチャー,赤,コモン,9,10,14,./card_img/
921,KLD,Built to Smash,呪文,赤,コモン,3,10,41,./card_img/
922,KLD,Cathartic Reunion,呪文,赤,コモン,6,10,4,./card_img/
923,KLD,Giant Spectacle,呪文,赤,コモン,5,10,37,./card_img/
924,KLD,Renegade Tactics,呪文,赤,コモン,9,10,6,./card_img/
925,KLD,Aethertorch Renegade,クリーチャー,赤,アンコモン,12,50,39,./card_img/
926,KLD,Brazen Scourge,クリーチャー,赤,アンコモン,7,50,5,./card_img/
927,KLD,Inventor's Apprentice,クリーチャー,赤,アンコモン,7,50,28,./card_img/
928,KLD,Quicksmith Genius,クリーチャー,赤,アンコモン,10,50,13,./card_img/
929,KLD,Speedway Fanatic,クリーチャー,赤,アンコモン,10,50,12,./card_img/
930,KLD,Furious Reprisal,呪文,赤,アンコモン,6,50,29,./card_img/
931,KLD,Incendiary Sabotage,呪文,赤,アンコモン,10,50,10,./card_img/
932,KLD,Spark of Creativity,呪文,赤,アンコモン,3,50,10,./card_img/
933,KLD,Start Your Engines,呪文,赤,アンコモン,2,50,24,./card_img/
934,KLD,Lathnu Hellion,クリーチャー,赤,レア,10,500,18,./card_img/
935,KLD,Maulfist Doorbuster,クリーチャー,赤,レア,13,500,14,./card_img/
936,KLD,Skyship Stalker,クリーチャー,赤,レア,15,500,2,./card_img/
937,KLD,Fateful Showdown,呪文,赤,レア,6,500,9,./card_img/
938,KLD,Harnessed Lightning,呪文,赤,レア,10,500,47,./card_img/
939,KLD,Madcap Experiment,呪文,赤,レア,5,500,40,./card_img/
940,KLD,Combustible Gearhulk,クリーチャー,赤,神話レア,25,1000,7,./card_img/
941,KLD,Pia Nalaar,クリーチャー,赤,神話レア,14,1000,47,./card_img/
942,KLD,Territorial Gorger,クリーチャー,赤,神話レア,11,1000,8,./card_img/
943,KLD,Highspire Artisan,クリーチャー,緑,コモン,11,10,28,./card_img/
944,KLD,Kujar Seedsculptor,クリーチャー,緑,コモン,8,10,20,./card_img/
945,KLD,Peema Outrider,クリーチャー,緑,コモン,9,10,1,./card_img/
946,KLD,Riparian Tiger,クリーチャー,緑,コモン,11,10,30,./card_img/
947,KLD,Sage of Shaila's Claim,クリーチャー,緑,コモン,8,10,14,./card_img/
948,KLD,Thriving Rhino,クリーチャー,緑,コモン,11,10,48,./card_img/
949,KLD,Wild Wanderer,クリーチャー,緑,コモン,8,10,29,./card_img/
950,KLD,Appetite for the Unnatural,呪文,緑,コモン,10,10,47,./card_img/
951,KLD,Attune with Aether,呪文,緑,コモン,4,10,48,./card_img/
952,KLD,Larger Than Life,呪文,緑,コモン,4,10,26,./card_img/
953,KLD,Ornamental Courage,呪文,緑,コモン,2,10,9,./card_img/
954,KLD,Armorcraft Judge,クリーチャー,緑,アンコモン,17,50,41,./card_img/
955,KLD,Elegant Edgecrafters,クリーチャー,緑,アンコモン,10,50,15,./card_img/
956,KLD,Fairgrounds Trumpeter,クリーチャー,緑,アンコモン,14,50,45,./card_img/
957,KLD,Ghirapur Guide,クリーチャー,緑,アンコモン,7,50,3,./card_img/
958,KLD,Blossoming Defense,呪文,緑,アンコモン,4,50,30,./card_img/
959,KLD,Creeping Mold,呪文,緑,アンコモン,8,50,24,./card_img/
960,KLD,Nature's Way,呪文,緑,アンコモン,2,50,31,./card_img/
961,KLD,Durable Handicraft,サポート,緑,アンコモン,6,50,1,./card_img/
962,KLD,Arborback Stomper,クリーチャー,緑,レア,14,500,4,./card_img/
963,KLD,Cultivator of Blades,クリーチャー,緑,レア,10,500,44,./card_img/
964,KLD,Longtusk Cub,クリーチャー,緑,レア,15,500,47,./card_img/
965,KLD,Servant of the Conduit,クリーチャー,緑,レア,14,500,37,./card_img/
966,KLD,Dubious Challenge,呪文,緑,レア,11,500,49,./card_img/
967,KLD,Wildest Dreams,呪文,緑,レア,24,500,47,./card_img/
968,KLD,Architect of the Untamed,クリーチャー,緑,神話レア,19,1000,48,./card_img/
969,KLD,Bristling Hydra,クリーチャー,緑,神話レア,12,1000,10,./card_img/
970,KLD,Oviya Pashiri Sage Lifecrafter,クリーチャー,緑,神話レア,7,1000,32,./card_img/
971,KLD,Verdurous Gearhulk,クリーチャー,緑,神話レア,22,1000,35,./card_img/
972,KLD,Cloudblazer,クリーチャー,白青,アンコモン,13,50,11,./card_img/
973,KLD,Contraband Kingpin,クリーチャー,青黒,アンコモン,12,50,26,./card_img/
974,KLD,Empyreal Voyager,クリーチャー,緑青,アンコモン,16,50,39,./card_img/
975,KLD,Restoration Gearsmith,クリーチャー,白黒,アンコモン,16,50,26,./card_img/
976,KLD,Veteran Motorist,クリーチャー,赤白,アンコモン,16,50,46,./card_img/
977,KLD,Voltaic Brawler,クリーチャー,赤緑,アンコモン,9,50,0,./card_img/
978,KLD,Whirler Virtuoso,クリーチャー,青赤,アンコモン,11,50,49,./card_img/
979,KLD,Hazardous Conditions,呪文,黒緑,アンコモン,7,50,19,./card_img/
980,KLD,Unlicensed Disintegration,呪文,黒赤,アンコモン,9,50,16,./card_img/
981,KLD,Depala Pilot Exemplar,クリーチャー,赤白,神話レア,26,1000,24,./card_img/
982,KLD,Kambal Consul of Allocation,クリーチャー,白黒,神話レア,20,1000,11,./card_img/
983,KLD,Rashmi Eternities Crafter,クリーチャー,緑青,神話レア,17,1000,30,./card_img/
984,KLD,Accomplished Automaton,クリーチャー,無,コモン,6,10,32,./card_img/
985,KLD,Aradara Express,クリーチャー,無,コモン,7,10,3,./card_img/
986,KLD,Bastion Mastodon,クリーチャー,無,コモン,4,10,13,./card_img/
987,KLD,Consulate Skygate,クリーチャー,無,コモン,11,10,30,./card_img/
988,KLD,Dukhara Peafowl,クリーチャー,無,コモン,6,10,31,./card_img/
989,KLD,Narnam Cobra,クリーチャー,無,コモン,5,10,25,./card_img/
990,KLD,Prakhata Pillar-Bug,クリーチャー,無,コモン,5,10,34,./card_img/
991,KLD,Renegade Freighter,クリーチャー,無,コモン,9,10,50,./card_img/
992,KLD,Self-Assembler,クリーチャー,無,コモン,8,10,35,./card_img/
993,KLD,Sky Skiff,クリーチャー,無,コモン,8,10,44,./card_img/
994,KLD,Weldfast Monitor,クリーチャー,無,コモン,5,10,15,./card_img/
995,KLD,Prophetic Prism,呪文,無,コモン,7,10,23,./card_img/
996,KLD,Ballista Charger,クリーチャー,無,アンコモン,13,50,9,./card_img/
997,KLD,Bomat Bazaar Barge,クリーチャー,無,アンコモン,11,50,43,./card_img/
998,KLD,Demolition Stomper,クリーチャー,無,アンコモン,9,50,21,./card_img/
999,KLD,Filigree Familiar,クリーチャー,無,アンコモン,16,50,38,./card_img/
1000,KLD,Iron League Steed,クリーチャー,無,アンコモン,12,50,10,./card_img/
1001,KLD,Ovalchase Dragster,クリーチャー,無,アンコモン,12,50,43,./card_img/
1002,KLD,Snare Thopter,クリーチャー,無,アンコモン,12,50,23,./card_img/
1003,KLD,Aether Hub,サポート,無,アンコモン,6,50,50,./card_img/
1004,KLD,Decoction Module,サポート,無,アンコモン,2,50,37,./card_img/
1005,KLD,Fabrication Module,サポート,無,アンコモン,9,50,9,./card_img/
1006,KLD,Bomat Courier,クリーチャー,無,レア,12,500,7,./card_img/
1007,KLD,Cultivator's Caravan,クリーチャー,無,レア,16,500,18,./card_img/
1008,KLD,Electrostatic Pummeler,クリーチャー,無,レア,7,500,26,./card_img/
1009,KLD,Fleetwheel Cruiser,クリーチャー,無,レア,15,500,22,./card_img/
1010,KLD,Multiform Wonder,クリーチャー,無,レア,12,500,12,./card_img/
1011,KLD,Scrapheap Scrounger,クリーチャー,無,レア,20,500,44,./card_img/
1012,KLD,Smuggler's Copter,クリーチャー,無,レア,14,500,21,./card_img/
1013,KLD,Aetherflux Reservoir,サポート,無,レア,8,500,28,./card_img/
1014,KLD,Deadlock Trap,サポート,無,レア,3,500,38,./card_img/
1015,KLD,Panharmonicon,サポート,無,レア,13,500,10,./card_img/
1016,KLD,Metalwork Colossus,クリーチャー,無,神話レア,14,1000,4,./card_img/
1017,KLD,Skysovereign Consul Flagship,クリーチャー,無,神話レア,25,1000,35,./card_img/
1018,KLD,Aetherworks Marvel,サポート,無,神話レア,16,1000,32,./card_img/
1019,KLD,Dynavolt Tower,サポート,無,神話レア,8,1000,20,./card_img/
1020,AER,Aeronaut Admiral,クリーチャー,白,アンコモン,8,50,15,./card_img/
1021,AER,Airdrop Aeronauts,クリーチャー,白,アンコモン,10,50,15,./card_img/
1022,AER,Restoration Specialist,クリーチャー,白,アンコモン,21,50,40,./card_img/
1023,AER,Aerial Modification,呪文,白,アンコモン,4,50,32,./card_img/
1024,AER,Solemn Recruit,クリーチャー,白,レア,6,500,35,./card_img/
1025,AER,Consulate Crackdown,呪文,白,レア,24,500,33,./card_img/
1026,AER,Sram's Expertise,呪文,白,レア,13,500,18,./card_img/
1027,AER,Aethergeode Miner,クリーチャー,白,神話レア,9,1000,2,./card_img/
1028,AER,Exquisite Archangel,クリーチャー,白,神話レア,16,1000,19,./card_img/
1029,AER,Sram Senior Edificer,クリーチャー,白,神話レア,4,1000,48,./card_img/
1030,AER,Shielded Aether Thief,クリーチャー,青,アンコモン,10,50,30,./card_img/
1031,AER,Wind-Kin Raiders,クリーチャー,青,アンコモン,7,50,20,./card_img/
1032,AER,Quicksmith Spy,クリーチャー,青,レア,11,500,23,./card_img/
1033,AER,Baral's Expertise,呪文,青,レア,10,500,30,./card_img/
1034,AER,Whir of Invention,呪文,青,レア,11,500,31,./card_img/
1035,AER,Aethertide Whale,クリーチャー,青,神話レア,17,1000,45,./card_img/
1036,AER,Baral Chief of Compliance,クリーチャー,青,神話レア,8,1000,8,./card_img/
1037,AER,Mechanized Production,サポート,青,神話レア,6,1000,26,./card_img/
1038,AER,Gifted Aetherborn,クリーチャー,黒,アンコモン,13,50,1,./card_img/
1039,AER,Ironclad Revolutionary,クリーチャー,黒,アンコモン,8,50,47,./card_img/
1040,AER,Sly Requisitioner,クリーチャー,黒,アンコモン,10,50,21,./card_img/
1041,AER,Gonti's Machinations,サポート,黒,アンコモン,11,50,29,./card_img/
1042,AER,Glint-Sleeve Siphoner,クリーチャー,黒,レア,17,500,30,./card_img/
1043,AER,Battle at the Bridge,呪文,黒,レア,7,500,6,./card_img/
1044,AER,Yahenni's Expertise,呪文,黒,レア,14,500,4,./card_img/
1045,AER,Herald of Anguish,クリーチャー,黒,神話レア,13,1000,32,./card_img/
1046,AER,Yahenni Undying Partisan,クリーチャー,黒,神話レア,11,1000,39,./card_img/
1047,AER,Enraged Giant,クリーチャー,赤,アンコモン,13,50,21,./card_img/
1048,AER,Reckless Racer,クリーチャー,赤,アンコモン,9,50,29,./card_img/
1049,AER,Hungry Flames,呪文,赤,アンコモン,9,50,20,./card_img/
1050,AER,Gremlin Infestation,サポート,赤,アンコモン,8,50,49,./card_img/
1051,AER,Freejam Regent,クリーチャー,赤,レア,15,500,32,./card_img/
1052,AER,Kari Zev's Expertise,呪文,赤,レア,6,500,46,./card_img/
1053,AER,Release the Gremlins,呪文,赤,レア,16,500,17,./card_img/
1054,AER,Kari Zev Skyship Raider,クリーチャー,赤,神話レア,5,1000,16,./card_img/
1055,AER,Lightning Runner,クリーチャー,赤,神話レア,6,1000,34,./card_img/
1056,AER,Hidden Herbalists,クリーチャー,緑,アンコモン,10,50,4,./card_img/
1057,AER,Narnam Renegade,クリーチャー,緑,アンコモン,11,50,40,./card_img/
1058,AER,Peema Aether-Seer,クリーチャー,緑,アンコモン,13,50,18,./card_img/
1059,AER,Greenbelt Rampager,クリーチャー,緑,レア,7,500,47,./card_img/
1060,AER,Heroic Intervention,呪文,緑,レア,14,500,37,./card_img/
1061,AER,Aetherwind Basker,クリーチャー,緑,神話レア,20,1000,46,./card_img/
1062,AER,Rishkar Peema Renegade,クリーチャー,緑,神話レア,16,1000,42,./card_img/
1063,AER,Rishkar's Expertise,呪文,緑,神話レア,5,1000,43,./card_img/
1064,AER,Maverick Thopterist,クリーチャー,青赤,アンコモン,6,50,17,./card_img/
1065,AER,Outland Boar,クリーチャー,赤緑,アンコモン,9,50,29,./card_img/
1066,AER,Rogue Refiner,クリーチャー,緑青,アンコモン,11,50,46,./card_img/
1067,AER,Oath of Ajani,サポート,緑白,レア,10,500,20,./card_img/
1068,AER,Consulate Dreadnought,クリーチャー,無,アンコモン,10,50,34,./card_img/
1069,AER,Crackdown Construct,クリーチャー,無,アンコモン,9,50,42,./card_img/
1070,AER,Treasure Keeper,クリーチャー,無,アンコモン,12,50,3,./card_img/
1071,AER,Untethered Express,クリーチャー,無,アンコモン,18,50,15,./card_img/
1072,AER,Aethersphere Harvester,クリーチャー,無,レア,11,500,5,./card_img/
1073,AER,Peacewalker Colossus,クリーチャー,無,レア,18,500,9,./card_img/
1074,AER,Walking Ballista,クリーチャー,無,レア,17,500,0,./card_img/
1075,AER,Heart of Kiran,クリーチャー,無,神話レア,25,1000,47,./card_img/
1076,AER,Gonti's Aether Heart,サポート,無,神話レア,6,1000,39,./card_img/
1077,AER,Planar Bridge,サポート,無,神話レア,11,1000,9,./card_img/
1078,KLD,Thopter Pie Network,サポート,青,神話レア,15,1000,31,./card_img/
1079,KLD,Wayward Giant,クリーチャー,赤,レア,12,500,21,./card_img/
1080,KLD,Cowl Prowler,クリーチャー,緑,レア,9,500,40,./card_img/
1081,KLD,Ghirapur Orrery,サポート,無,レア,6,500,15,./card_img/
1082,KLD,Arcbound Ravager,クリーチャー,無,Masterpiece,13,2000,17,./card_img/
1083,KLD,Ornithopter,クリーチャー,無,Masterpiece,4,2000,30,./card_img/
1084,KLD,Platinum Angel,クリーチャー,無,Masterpiece,13,2000,38,./card_img/
1085,KLD,Sundering Titan,クリーチャー,無,Masterpiece,23,2000,2,./card_img/
1086,KLD,Wurmcoil Engine,クリーチャー,無,Masterpiece,16,2000,48,./card_img/
1087,KLD,Black Vise,サポート,無,Masterpiece,15,2000,32,./card_img/
1088,KLD,Champion's Helm,サポート,無,Masterpiece,5,2000,14,./card_img/
1089,KLD,Chrome Mox,サポート,無,Masterpiece,9,2000,22,./card_img/
1090,KLD,Defense Grid,サポート,無,Masterpiece,10,2000,13,./card_img/
1091,KLD,Gauntlet of Power,サポート,無,Masterpiece,6,2000,23,./card_img/
1092,KLD,Lightning Greaves,サポート,無,Masterpiece,5,2000,42,./card_img/
1093,KLD,Lotus Petal,サポート,無,Masterpiece,7,2000,28,./card_img/
1094,KLD,Mind's Eye,サポート,無,Masterpiece,10,2000,16,./card_img/
1095,KLD,Mox Opal,サポート,無,Masterpiece,10,2000,32,./card_img/
1096,KLD,Sword of Body and Mind,サポート,無,Masterpiece,11,2000,39,./card_img/
1097,KLD,Sword of Feast and Famine,サポート,無,Masterpiece,15,2000,35,./card_img/
1098,KLD,Sword of Fire and Ice,サポート,無,Masterpiece,13,2000,4,./card_img/
1099,KLD,Sword of Light and Shadow,サポート,無,Masterpiece,16,2000,31,./card_img/
1100,KLD,Sword of War and Peace,サポート,無,Masterpiece,17,2000,10,./card_img/
1101,KLD,Vedalken Shackles,サポート,無,Masterpiece,15,2000,2,./card_img/
1102,AKH,Anointer Priest,クリーチャー,白,コモン,11,10,23,./card_img/
1103,AKH,Binding Mummy,クリーチャー,白,コモン,5,10,31,./card_img/
1104,AKH,Gust Walker,クリーチャー,白,コモン,4,10,29,./card_img/
1105,AKH,Rhet-Crop Spearmaster,クリーチャー,白,コモン,4,10,43,./card_img/
1106,AKH,Sacred Cat,クリーチャー,白,コモン,8,10,14,./card_img/
1107,AKH,Tah-Crop Elite,クリーチャー,白,コモン,13,10,49,./card_img/
1108,AKH,Those Who Serve,クリーチャー,白,コモン,6,10,40,./card_img/
1109,AKH,Unwavering Initiate,クリーチャー,白,コモン,10,10,15,./card_img/
1110,AKH,Winged Shepherd,クリーチャー,白,コモン,14,10,22,./card_img/
1111,AKH,Djeru's Resolve,呪文,白,コモン,4,10,18,./card_img/
1112,AKH,Forsake the Worldly,呪文,白,コモン,5,10,30,./card_img/
1113,AKH,In Oketra's Name,呪文,白,コモン,9,10,27,./card_img/
1114,AKH,Cartouche of Solidarity,サポート,白,コモン,9,10,15,./card_img/
1115,AKH,Devoted Crop-Mate,クリーチャー,白,アンコモン,11,50,48,./card_img/
1116,AKH,Oketra's Attendant,クリーチャー,白,アンコモン,12,50,28,./card_img/
1117,AKH,Vizier of Deferment,クリーチャー,白,アンコモン,4,50,28,./card_img/
1118,AKH,Renewed Faith,呪文,白,アンコモン,6,50,24,./card_img/
1119,AKH,Cast Out,サポート,白,アンコモン,11,50,16,./card_img/
1120,AKH,Aven Mindcensor,クリーチャー,白,レア,10,500,19,./card_img/
1121,AKH,Regal Caracal,クリーチャー,白,レア,18,500,25,./card_img/
1122,AKH,Approach of the Second Sun,呪文,白,レア,16,500,9,./card_img/
1123,AKH,Gideon's Intervention,サポート,白,レア,10,500,47,./card_img/
1124,AKH,Trial of Solidarity,サポート,白,レア,16,500,5,./card_img/
1125,AKH,Angel of Sanctions,クリーチャー,白,神話レア,16,1000,26,./card_img/
1126,AKH,Oketra the True,クリーチャー,白,神話レア,10,1000,29,./card_img/
1127,AKH,Anointed Procession,サポート,白,神話レア,8,1000,39,./card_img/
1128,AKH,Aven Initiate,クリーチャー,青,コモン,11,10,47,./card_img/
1129,AKH,Hekma Sentinels,クリーチャー,青,コモン,6,10,12,./card_img/
1130,AKH,Scribe of the Mindful,クリーチャー,青,コモン,15,10,25,./card_img/
1131,AKH,Shimmerscale Drake,クリーチャー,青,コモン,13,10,39,./card_img/
1132,AKH,Tah-Crop Skirmisher,クリーチャー,青,コモン,10,10,39,./card_img/
1133,AKH,Cancel,呪文,青,コモン,6,10,23,./card_img/
1134,AKH,Compelling Argument,呪文,青,コモン,12,10,3,./card_img/
1135,AKH,Essence Scatter,呪文,青,コモン,6,10,20,./card_img/
1136,AKH,Floodwaters,呪文,青,コモン,4,10,41,./card_img/
1137,AKH,Hieroglyphic Illumination,呪文,青,コモン,4,10,45,./card_img/
1138,AKH,Winds of Rebuke,呪文,青,コモン,4,10,2,./card_img/
1139,AKH,Cartouche of Knowledge,サポート,青,コモン,8,10,4,./card_img/
1140,AKH,Labyrinth Guardian,クリーチャー,青,アンコモン,5,50,43,./card_img/
1141,AKH,Vizier of Tumbling Sands,クリーチャー,青,アンコモン,6,50,46,./card_img/
1142,AKH,Zenith Seeker,クリーチャー,青,アンコモン,11,50,15,./card_img/
1143,AKH,Censor,呪文,青,アンコモン,7,50,37,./card_img/
1144,AKH,Glyph Keeper,クリーチャー,青,レア,15,500,32,./card_img/
1145,AKH,Drake Haven,サポート,青,レア,4,500,25,./card_img/
1146,AKH,New Perspectives,サポート,青,レア,5,500,12,./card_img/
1147,AKH,Trial of Knowledge,サポート,青,レア,11,500,17,./card_img/
1148,AKH,Curator of Mysteries,クリーチャー,青,神話レア,10,1000,8,./card_img/
1149,AKH,Kefnet the Mindful,クリーチャー,青,神話レア,10,1000,19,./card_img/
1150,AKH,Vizier of Many Faces,クリーチャー,青,神話レア,7,1000,9,./card_img/
1151,AKH,Doomed Dissenter,クリーチャー,黒,コモン,8,10,12,./card_img/
1152,AKH,Festering Mummy,クリーチャー,黒,コモン,6,10,9,./card_img/
1153,AKH,Horror of the Broken Lands,クリーチャー,黒,コモン,10,10,6,./card_img/
1154,AKH,Miasmic Mummy,クリーチャー,黒,コモン,6,10,3,./card_img/
1155,AKH,Pitiless Vizier,クリーチャー,黒,コモン,9,10,42,./card_img/
1156,AKH,Soulstinger,クリーチャー,黒,コモン,5,10,8,./card_img/
1157,AKH,Final Reward,呪文,黒,コモン,7,10,46,./card_img/
1158,AKH,Painful Lesson,呪文,黒,コモン,10,10,37,./card_img/
1159,AKH,Supernatural Stamina,呪文,黒,コモン,5,10,43,./card_img/
1160,AKH,Unburden,呪文,黒,コモン,7,10,2,./card_img/
1161,AKH,Wander in Death,呪文,黒,コモン,9,10,39,./card_img/
1162,AKH,Cartouche of Ambition,サポート,黒,コモン,9,10,3,./card_img/
1163,AKH,Bone Picker,クリーチャー,黒,アンコモン,15,50,16,./card_img/
1164,AKH,Gravedigger,クリーチャー,黒,アンコモン,13,50,31,./card_img/
1165,AKH,Lord of the Accursed,クリーチャー,黒,アンコモン,14,50,5,./card_img/
1166,AKH,Ruthless Sniper,クリーチャー,黒,アンコモン,9,50,10,./card_img/
1167,AKH,Stir the Sands,呪文,黒,アンコモン,7,50,39,./card_img/
1168,AKH,Faith of the Devoted,サポート,黒,アンコモン,5,50,19,./card_img/
1169,AKH,Trial of Ambition,サポート,黒,アンコモン,8,50,10,./card_img/
1170,AKH,Archfiend of Ifnir,クリーチャー,黒,レア,19,500,20,./card_img/
1171,AKH,Dread Wanderer,クリーチャー,黒,レア,15,500,3,./card_img/
1172,AKH,Plague Belcher,クリーチャー,黒,レア,12,500,26,./card_img/
1173,AKH,Shadow of the Grave,呪文,黒,レア,12,500,36,./card_img/
1174,AKH,Bontu the Glorified,クリーチャー,黒,神話レア,8,1000,20,./card_img/
1175,AKH,Cruel Reality,サポート,黒,神話レア,11,1000,4,./card_img/
1176,AKH,Desert Cerodon,クリーチャー,赤,コモン,9,10,10,./card_img/
1177,AKH,Emberhorn Minotaur,クリーチャー,赤,コモン,6,10,3,./card_img/
1178,AKH,Manticore of the Gauntlet,クリーチャー,赤,コモン,10,10,26,./card_img/
1179,AKH,Minotaur Sureshot,クリーチャー,赤,コモン,16,10,7,./card_img/
1180,AKH,Nef-Crop Entangler,クリーチャー,赤,コモン,5,10,40,./card_img/
1181,AKH,Nimble-Blade Khenra,クリーチャー,赤,コモン,6,10,21,./card_img/
1182,AKH,Thresher Lizard,クリーチャー,赤,コモン,8,10,22,./card_img/
1183,AKH,Brute Strength,呪文,赤,コモン,3,10,14,./card_img/
1184,AKH,Electrify,呪文,赤,コモン,8,10,1,./card_img/
1185,AKH,Pursue Glory,呪文,赤,コモン,4,10,15,./card_img/
1186,AKH,Violent Impact,呪文,赤,コモン,5,10,4,./card_img/
1187,AKH,Cartouche of Zeal,サポート,赤,コモン,6,10,48,./card_img/
1188,AKH,Ahn-Crop Crasher,クリーチャー,赤,アンコモン,9,50,5,./card_img/
1189,AKH,Battlefield Scavenger,クリーチャー,赤,アンコモン,7,50,37,./card_img/
1190,AKH,Flameblade Adept,クリーチャー,赤,アンコモン,9,50,46,./card_img/
1191,AKH,Consuming Fervor,呪文,赤,アンコモン,6,50,50,./card_img/
1192,AKH,Limits of Solidarity,呪文,赤,アンコモン,8,50,2,./card_img/
1193,AKH,Heart-Piercer Manticore,クリーチャー,赤,レア,18,500,47,./card_img/
1194,AKH,Deem Worthy,呪文,赤,レア,11,500,42,./card_img/
1195,AKH,Sweltering Suns,呪文,赤,レア,11,500,12,./card_img/
1196,AKH,Hazoret's Favor,サポート,赤,レア,5,500,37,./card_img/
1197,AKH,Trial of Zeal,サポート,赤,レア,17,500,3,./card_img/
1198,AKH,Combat Celebrant,クリーチャー,赤,神話レア,6,1000,10,./card_img/
1199,AKH,Glorybringer,クリーチャー,赤,神話レア,19,1000,21,./card_img/
1200,AKH,Hazoret the Fervent,クリーチャー,赤,神話レア,10,1000,10,./card_img/
1201,AKH,Glorious End,呪文,赤,神話レア,4,1000,45,./card_img/
1202,AKH,Bitterblade Warrior,クリーチャー,緑,コモン,6,10,7,./card_img/
1203,AKH,Giant Spider,クリーチャー,緑,コモン,15,10,48,./card_img/
1204,AKH,Greater Sandwurm,クリーチャー,緑,コモン,15,10,9,./card_img/
1205,AKH,Hooded Brawler,クリーチャー,緑,コモン,9,10,13,./card_img/
1206,AKH,Naga Vitalist,クリーチャー,緑,コモン,8,10,11,./card_img/
1207,AKH,Dissenter's Deliverance,呪文,緑,コモン,4,10,32,./card_img/
1208,AKH,Haze of Pollen,呪文,緑,コモン,12,10,34,./card_img/
1209,AKH,Shed Weakness,呪文,緑,コモン,2,10,41,./card_img/
1210,AKH,Spidery Grasp,呪文,緑,コモン,8,10,20,./card_img/
1211,AKH,Stinging Shot,呪文,緑,コモン,9,10,43,./card_img/
1212,AKH,Cartouche of Strength,サポート,緑,コモン,9,10,47,./card_img/
1213,AKH,Gift of Paradise,サポート,緑,コモン,12,10,24,./card_img/
1214,AKH,Exemplar of Strength,クリーチャー,緑,アンコモン,9,50,1,./card_img/
1215,AKH,Watchful Naga,クリーチャー,緑,アンコモン,10,50,44,./card_img/
1216,AKH,Channeler Initiate,クリーチャー,緑,レア,9,500,33,./card_img/
1217,AKH,Honored Hydra,クリーチャー,緑,レア,20,500,25,./card_img/
1218,AKH,Prowling Serpopard,クリーチャー,緑,レア,9,500,45,./card_img/
1219,AKH,Shefet Monitor,クリーチャー,緑,レア,12,500,22,./card_img/
1220,AKH,Trial of Strength,サポート,緑,レア,14,500,13,./card_img/
1221,AKH,Rhonas the Indomitable,クリーチャー,緑,神話レア,9,1000,6,./card_img/
1222,AKH,Champion of Rhonas,クリーチャー,緑,神話レア,19,1000,30,./card_img/
1223,AKH,Vizier of the Menagerie,クリーチャー,緑,神話レア,20,1000,45,./card_img/
1224,AKH,Sandwurm Convergence,サポート,緑,神話レア,15,1000,10,./card_img/
1225,AKH,Ahn-Crop Champion,クリーチャー,緑白,アンコモン,10,50,14,./card_img/
1226,AKH,Aven Wind Guide,クリーチャー,白青,アンコモン,17,50,7,./card_img/
1227,AKH,Decimator Beetle,クリーチャー,黒緑,アンコモン,11,50,39,./card_img/
1228,AKH,Enigma Drake,クリーチャー,青赤,アンコモン,12,50,45,./card_img/
1229,AKH,Khenra Charioteer,クリーチャー,赤緑,アンコモン,12,50,25,./card_img/
1230,AKH,Shadowstorm Vizier,クリーチャー,青黒,アンコモン,10,50,33,./card_img/
1231,AKH,Wayward Servant,クリーチャー,白黒,アンコモン,14,50,37,./card_img/
1232,AKH,Weaver of Currents,クリーチャー,緑青,アンコモン,14,50,0,./card_img/
1233,AKH,Hapatra Vizier of Poisons,クリーチャー,黒緑,レア,17,500,10,./card_img/
1234,AKH,Bounty of the Luxa,サポート,緑青,レア,8,500,14,./card_img/
1235,AKH,Neheb the Worthy,クリーチャー,黒赤,神話レア,11,1000,24,./card_img/
1236,AKH,Temmet Vizier of Naktamun,クリーチャー,白青,神話レア,14,1000,39,./card_img/
1237,AKH,Honed Khopesh,呪文,無,コモン,5,10,39,./card_img/
1238,AKH,Cradle of the Accursed,サポート,無,コモン,7,10,25,./card_img/
1239,AKH,Painted Bluffs,サポート,無,コモン,5,10,20,./card_img/
1240,AKH,Sunscorched Desert,サポート,無,コモン,17,10,28,./card_img/
1241,AKH,Bontu's Monument,サポート,無,アンコモン,16,50,15,./card_img/
1242,AKH,Hazoret's Monument,サポート,無,アンコモン,14,50,37,./card_img/
1243,AKH,Kefnet's Monument,サポート,無,アンコモン,16,50,24,./card_img/
1244,AKH,Oketra's Monument,サポート,無,アンコモン,15,50,1,./card_img/
1245,AKH,Rhonas's Monument,サポート,無,アンコモン,15,50,10,./card_img/
1246,AKH,Canyon Slough,サポート,無,レア,6,500,37,./card_img/
1247,AKH,Fetid Pools,サポート,無,レア,6,500,14,./card_img/
1248,AKH,Irrigated Farmland,サポート,無,レア,6,500,32,./card_img/
1249,AKH,Scattered Groves,サポート,無,レア,6,500,32,./card_img/
1250,AKH,Sheltered Thicket,サポート,無,レア,6,500,38,./card_img/
1251,AKH,Cascading Cataracts,サポート,無,神話レア,13,1000,39,./card_img/
1252,AKH,Oracle's Vault,サポート,無,神話レア,7,1000,42,./card_img/
1253,AKH,Pyramid of the Pantheon,サポート,無,神話レア,5,1000,11,./card_img/
1254,AKH,Loyal Retainers,クリーチャー,白,Masterpiece,18,2000,39,./card_img/
1255,AKH,Wrath of God,呪文,白,Masterpiece,7,2000,17,./card_img/
1256,AKH,Consecrated Sphinx,クリーチャー,青,Masterpiece,16,2000,28,./card_img/
1257,AKH,Counterspell,呪文,青,Masterpiece,16,2000,8,./card_img/
1258,AKH,Dark Ritual,呪文,黒,Masterpiece,6,2000,39,./card_img/
1259,AKH,Chain Lightning,呪文,赤,Masterpiece,8,2000,38,./card_img/
1260,AKH,Aggravated Assault,サポート,赤,Masterpiece,13,2000,18,./card_img/
1261,AKH,Vindicate,呪文,白黒,Masterpiece,8,2000,4,./card_img/
1262,AKH,Maelstrom Pulse,呪文,黒緑,Masterpiece,6,2000,2,./card_img/
1263,AKH,Pact of Negation,サポート,無,Masterpiece,2,2000,15,./card_img/
1264,AKH,Trueheart Duelist,クリーチャー,白,アンコモン,10,50,10,./card_img/
1265,AKH,Vizier of Remedies,クリーチャー,白,アンコモン,12,50,24,./card_img/
1266,AKH,Glory-Bound Initiate,クリーチャー,白,レア,8,500,36,./card_img/
1267,AKH,Seraph of the Suns,クリーチャー,白,レア,7,500,29,./card_img/
1268,AKH,Angler Drake,クリーチャー,青,アンコモン,12,50,35,./card_img/
1269,AKH,Galestrike,呪文,青,アンコモン,6,50,32,./card_img/
1270,AKH,Open into Wonder,呪文,青,アンコモン,10,50,39,./card_img/
1271,AKH,Cryptic Serpent,クリーチャー,青,レア,17,500,39,./card_img/
1272,AKH,Pull from Tomorrow,呪文,青,レア,2,500,13,./card_img/
1273,AKH,As Foretold,サポート,青,神話レア,8,1000,32,./card_img/
1274,AKH,Baleful Ammit,クリーチャー,黒,アンコモン,10,50,7,./card_img/
1275,AKH,Grim Strider,クリーチャー,黒,アンコモン,9,50,41,./card_img/
1276,AKH,Dispossess,呪文,黒,レア,8,500,31,./card_img/
1277,AKH,Liliana's Mastery,サポート,黒,レア,13,500,17,./card_img/
1278,AKH,Bloodrage Brawler,クリーチャー,赤,アンコモン,8,50,48,./card_img/
1279,AKH,Warfire Javelineer,クリーチャー,赤,アンコモン,14,50,32,./card_img/
1280,AKH,By Force,呪文,赤,アンコモン,16,50,10,./card_img/
1281,AKH,Harsh Mentor,クリーチャー,赤,レア,9,500,8,./card_img/
1282,AKH,Soul-Scar Mage,クリーチャー,赤,レア,19,500,10,./card_img/
1283,AKH,Crocodile of the Crossing,クリーチャー,緑,アンコモン,10,50,41,./card_img/
1284,AKH,Defiant Greatmaw,クリーチャー,緑,アンコモン,8,50,3,./card_img/
1285,AKH,Sixth Sense,呪文,緑,アンコモン,9,50,5,./card_img/
1286,AKH,Manglehorn,クリーチャー,緑,レア,14,500,19,./card_img/
1287,AKH,Harvest Season,呪文,緑,レア,7,500,9,./card_img/
1288,AKH,Merciless Javelineer,クリーチャー,黒赤,アンコモン,12,50,21,./card_img/
1289,AKH,Honored Crop-Captain,クリーチャー,赤白,アンコモン,12,50,8,./card_img/
1290,AKH,Samut Voice of Dissent,クリーチャー,赤緑,神話レア,24,1000,39,./card_img/
1291,AKH,Throne of the God-Pharaoh,サポート,無,神話レア,19,1000,14,./card_img/
